id,country_id,position,created_at,full_name,ht_player_id,team_type,status,notes,last_seen_at,dob,ht_age_years,ht_age_days,training_type,trainer_level,assistants,intensity,stamina_share,ideal_training_score,actual_training_score,nationality,specialty,injury,transfer_listed,age_years,age_days,tsi,experience,leadership,form,stamina,keeper,defending,playmaking,wing,passing,scoring,set_pieces,caps_nt,caps_u21,is_international,category,source,imported_at,note,ht_id,team_id,age,skill_gk,skill_def,skill_pm,skill_wing,skill_pass,skill_score,skill_sp,wage,stamina_pct,training_last,training_now,updated_at
4,,DEF,2026-01-11 12:36:19.449754,Karlo Gorup,123456,U21,watch,proba,,2005-01-10,,,,,,,,,,,,,,,,,,,,,,,,,,,,,,,,,,,,,,,,,,,,,,,,,2026-01-19 10:31:34.483527+00
5,191,IM,2026-01-11 14:41:33.33203,Bruno Novosel,777888,NT,watch,proba,,2000-06-14,,,,,,,,,,,,,,,,,,,,,,,,,,,,,,,,,,,,,,,,,,,,,,,,,2026-01-19 10:31:34.483527+00
6,191,FWD,2026-01-11 17:38:18.005814,Marko Žigić,,U21,watch,,,,21,61,,,,,,,,,,,,,,,,,,,,,,,,,,,,,,,,,,,,,,,,,,,,,,,2026-01-19 10:31:34.483527+00
7,191,W,2026-01-11 17:39:09.634752,Šime Kalpić,,U21,watch,,,,21,111,,,,,,,,,,,,,,,,,,,,,,,,,,,,,,,,,,,,,,,,,,,,,,,2026-01-19 10:31:34.483527+00
8,191,DEF,2026-01-11 17:42:23.069703,Marko Marić,,U21,watch,,,,22,0,,,,,,,,,,,,,,,,,,,,,,,,,,,,,,,,,,,,,,,,,,,,,,,2026-01-19 10:31:34.483527+00
9,,FWD,2026-01-13 22:12:38.337113,Marko Žigić,,U21,watch,test igrač 1,,2005-03-15,,,,,,,,,,,,,,,,,,,,,,,,,,,,,,,,,,,,,,,,,,,,,,,,,2026-01-19 10:31:34.483527+00
10,,IM,2026-01-13 22:12:38.337113,Ivan Horvat,,U21,core,test igrač 2,,2005-08-02,,,,,,,,,,,,,,,,,,,,,,,,,,,,,,,,,,,,,,,,,,,,,,,,,2026-01-19 10:31:34.483527+00
11,,DEF,2026-01-13 22:12:38.337113,Ante Antić,,U21,rotation,test igrač 3,,2006-01-20,,,,,,,,,,,,,,,,,,,,,,,,,,,,,,,,,,,,,,,,,,,,,,,,,2026-01-19 10:31:34.483527+00
12,,IM,2026-01-13 22:12:38.337113,Luka Modrić (test),,NT,watch,test NT,,2000-09-09,,,,,,,,,,,,,,,,,,,,,,,,,,,,,,,,,,,,,,,,,,,,,,,,,2026-01-19 10:31:34.483527+00
13,,W,2026-01-13 22:27:10.048419,Alan Andrović,453285255,NT,active,import iz portal tracker CSV-a,,,,,,,,,,,,Hrvatska,Brz,,false,35,20,47110,18,6,6,7,1,9,14,17,11,2,16,20,0,false,Krilo,portal,2026-01-19 16:10:34.844536+00,,,3f5ca8b9-d920-4000-bf1e-b906d43c04a4,,1,9,14,17,11,2,16,,,,,2026-01-19 16:10:34.844536+00
14,,GK,2026-01-13 22:45:37.810451,Hrvoje Svjetlanović,462660957,NT,active,import iz portal tracker CSV-a,,,,,,,,,,,,Hrvatska,,,false,31,15,145450,10,3,8,7,20,15,1,2,2,1,20,7,0,true,Vratar,portal,2026-01-19 16:10:34.844536+00,,,3f5ca8b9-d920-4000-bf1e-b906d43c04a4,,20,15,1,2,2,1,20,,,,,2026-01-19 16:10:34.844536+00
15,,W,2026-01-13 22:45:37.810451,Hrvoje Zidarević,455838236,NT,active,import iz portal tracker CSV-a,,,,,,,,,,,,Hrvatska,Brz,,false,34,36,60460,15,4,6,7,1,13,16,15,7,9,1,0,13,false,Krilo,portal,2026-01-19 16:10:34.844536+00,,,3f5ca8b9-d920-4000-bf1e-b906d43c04a4,,1,13,16,15,7,9,1,,,,,2026-01-19 16:10:34.844536+00
16,,FWD,2026-01-13 22:45:37.810451,Igor Ivanov,466208013,NT,active,import iz portal tracker CSV-a,,,,,,,,,,,,Hrvatska,Brz,,false,29,60,256320,8,5,7,6,1,4,3,12,12,17,2,0,0,false,Napadač,portal,2026-01-19 16:10:34.844536+00,,,3f5ca8b9-d920-4000-bf1e-b906d43c04a4,,1,4,3,12,12,17,2,,,,,2026-01-19 16:10:34.844536+00
18,,GK,2026-01-19 10:31:34.483527,Test NT GK,,,,,,,,,,,,,,,,HR,,,,,,,,,,,,,,,,,,,,,,,,,,3f5ca8b9-d920-4000-bf1e-b906d43c04a4,19,9,3,2,,2,,,,,,,2026-01-19 10:31:34.483527+00
19,,IM,2026-01-19 10:31:34.483527,Test NT MID,,,,,,,,,,,,,,,,HR,,,,,,,,,,,,,,,,,,,,,,,,,,3f5ca8b9-d920-4000-bf1e-b906d43c04a4,24,,11,12,8,10,7,,,,,,2026-01-19 10:31:34.483527+00
20,,DEF,2026-01-19 10:31:34.483527,Test U21 DEF,,,,,,,,,,,,,,,,HR,,,,,,,,,,,,,,,,,,,,,,,,,,6f2d686a-595a-41e3-9f4d-043d0ecee6c2,18,,10,7,,8,,,,,,,2026-01-19 10:31:34.483527+00
21,,WING,2026-01-19 10:31:34.483527,Test U21 WING,,,,,,,,,,,,,,,,HR,,,,,,,,,,,,,,,,,,,,,,,,,,6f2d686a-595a-41e3-9f4d-043d0ecee6c2,19,,,10,11,9,6,,,,,,2026-01-19 10:31:34.483527+00
22,,,2026-01-19 15:34:45.048265,Alan Andrović,,NT,,,,,,,,,,,,,,Hrvatska,Brz,,false,35,20,47110,18,,6,7,1,9,14,17,11,2,16,20,0,,Krilo,portal_tracker,2026-01-19 15:34:45.048265+00,,453285255,3f5ca8b9-d920-4000-bf1e-b906d43c04a4,,,,,,,,,,,,,2026-01-19 15:34:45.048265+00
23,,,2026-01-19 15:34:45.048265,Albert Dumbović,,NT,,,,,,,,,,,,,,Hrvatska,Brz,,false,28,72,379170,9,,6,7,1,12,18,3,10,4,2,0,1,,Srednji vezni,portal_tracker,2026-01-19 15:34:45.048265+00,,470141243,3f5ca8b9-d920-4000-bf1e-b906d43c04a4,,,,,,,,,,,,,2026-01-19 15:34:45.048265+00
24,,,2026-01-19 15:34:45.048265,Albert 'Berty Boy' Vrbnjak,,NT,,,,,,,,,,,,,,Hrvatska,Brz,,false,32,75,225000,12,,7,7,1,10,16,17,9,7,9,1,3,,Krilo,portal_tracker,2026-01-19 15:34:45.048265+00,,459418718,3f5ca8b9-d920-4000-bf1e-b906d43c04a4,,,,,,,,,,,,,2026-01-19 15:34:45.048265+00
25,,,2026-01-19 15:34:45.048265,Aldo Andrisević,,NT,,,,,,,,,,,,,,Hrvatska,Tehničar,,false,34,84,44760,16,,8,5,1,5,12,8,14,16,2,6,18,,Napadač,portal_tracker,2026-01-19 15:34:45.048265+00,,454326344,3f5ca8b9-d920-4000-bf1e-b906d43c04a4,,,,,,,,,,,,,2026-01-19 15:34:45.048265+00
26,,,2026-01-19 15:34:45.048265,Aleksandar Bregović,,NT,,,,,,,,,,,,,,Hrvatska,Snažan,,false,27,87,483530,9,,7,7,1,4,15,10,9,17,2,4,7,,Napadač,portal_tracker,2026-01-19 15:34:45.048265+00,,472102299,3f5ca8b9-d920-4000-bf1e-b906d43c04a4,,,,,,,,,,,,,2026-01-19 15:34:45.048265+00
27,,,2026-01-19 15:34:45.048265,Aleksandar Štimac,,NT,,,,,,,,,,,,,,Hrvatska,Brz,,false,28,94,270100,8,,8,7,1,16,9,14,8,3,8,0,0,,Bočni igrač,portal_tracker,2026-01-19 15:34:45.048265+00,,469897495,3f5ca8b9-d920-4000-bf1e-b906d43c04a4,,,,,,,,,,,,,2026-01-19 15:34:45.048265+00
28,,,2026-01-19 15:34:45.048265,Alen Orinčić,,NT,,,,,,,,,,,,,,Hrvatska,Brz,,false,32,34,163130,14,,6,6,1,5,17,5,12,14,3,0,5,,Napadač,portal_tracker,2026-01-19 15:34:45.048265+00,,460320436,3f5ca8b9-d920-4000-bf1e-b906d43c04a4,,,,,,,,,,,,,2026-01-19 15:34:45.048265+00
29,,,2026-01-19 15:34:45.048265,Alojzije Lacković,,NT,,,,,,,,,,,,,,Hrvatska,Igra glavom,,false,28,71,460640,8,,7,7,1,9,17,12,13,4,4,0,0,,Srednji vezni,portal_tracker,2026-01-19 15:34:45.048265+00,,470148997,3f5ca8b9-d920-4000-bf1e-b906d43c04a4,,,,,,,,,,,,,2026-01-19 15:34:45.048265+00
30,,,2026-01-19 15:34:45.048265,Alojzije 'Šakal' Šerer,,NT,,,,,,,,,,,,,,Hrvatska,,,false,33,62,131190,16,,7,8,1,12,18,6,12,7,12,0,10,,Srednji vezni,portal_tracker,2026-01-19 15:34:45.048265+00,,456981618,3f5ca8b9-d920-4000-bf1e-b906d43c04a4,,,,,,,,,,,,,2026-01-19 15:34:45.048265+00
31,,,2026-01-19 15:34:45.048265,Aljoša Deverić,,NT,,,,,,,,,,,,,,Hrvatska,,,false,34,4,77230,13,,7,6,0,14,8,17,9,4,11,0,0,,Bočni igrač,portal_tracker,2026-01-19 15:34:45.048265+00,,455969601,3f5ca8b9-d920-4000-bf1e-b906d43c04a4,,,,,,,,,,,,,2026-01-19 15:34:45.048265+00
32,,,2026-01-19 15:34:45.048265,Anđelko Reljić,,NT,,,,,,,,,,,,,,Hrvatska,Tehničar,,false,30,94,378840,8,,8,6,1,17,12,16,6,4,4,5,0,,Bočni igrač,portal_tracker,2026-01-19 15:34:45.048265+00,,463401506,3f5ca8b9-d920-4000-bf1e-b906d43c04a4,,,,,,,,,,,,,2026-01-19 15:34:45.048265+00
33,,,2026-01-19 15:34:45.048265,Anđelko Stražina,,NT,,,,,,,,,,,,,,Hrvatska,Brz,,false,31,110,209120,12,,6,7,1,5,13,12,13,15,17,0,0,,Napadač,portal_tracker,2026-01-19 15:34:45.048265+00,,460766915,3f5ca8b9-d920-4000-bf1e-b906d43c04a4,,,,,,,,,,,,,2026-01-19 15:34:45.048265+00
34,,,2026-01-19 15:34:45.048265,Ante Rasol,,NT,,,,,,,,,,,,,,Hrvatska,Nepredvidiv,,false,31,78,358520,16,,6,8,1,2,15,8,15,17,3,12,21,,Napadač,portal_tracker,2026-01-19 15:34:45.048265+00,,461480327,3f5ca8b9-d920-4000-bf1e-b906d43c04a4,,,,,,,,,,,,,2026-01-19 15:34:45.048265+00
35,,,2026-01-19 15:34:45.048265,Ante Šprljan,,NT,,,,,,,,,,,,,,Hrvatska,Igra glavom,,false,29,10,376810,12,,6,8,1,10,17,15,9,4,10,0,1,,Srednji vezni,portal_tracker,2026-01-19 15:34:45.048265+00,,469028671,3f5ca8b9-d920-4000-bf1e-b906d43c04a4,,,,,,,,,,,,,2026-01-19 15:34:45.048265+00
36,,,2026-01-19 15:34:45.048265,Anto Kukec,,NT,,,,,,,,,,,,,,Hrvatska,Tehničar,,false,30,29,427340,11,,7,7,1,11,16,18,10,7,5,3,2,,Krilo,portal_tracker,2026-01-19 15:34:45.048265+00,,464788148,3f5ca8b9-d920-4000-bf1e-b906d43c04a4,,,,,,,,,,,,,2026-01-19 15:34:45.048265+00
37,,,2026-01-19 15:34:45.048265,Ben '10' Breulj,,NT,,,,,,,,,,,,,,Hrvatska,Nepredvidiv,,false,29,12,394640,13,,7,8,1,5,13,10,11,17,9,14,18,,Napadač,portal_tracker,2026-01-19 15:34:45.048265+00,,469021522,3f5ca8b9-d920-4000-bf1e-b906d43c04a4,,,,,,,,,,,,,2026-01-19 15:34:45.048265+00
38,,,2026-01-19 15:34:45.048265,Ben Lelja,,NT,,,,,,,,,,,,,,Hrvatska,Nepredvidiv,,false,30,43,427680,11,,6,8,1,6,16,17,14,5,3,0,0,,Krilo,portal_tracker,2026-01-19 15:34:45.048265+00,,464765909,3f5ca8b9-d920-4000-bf1e-b906d43c04a4,,,,,,,,,,,,,2026-01-19 15:34:45.048265+00
39,,,2026-01-19 15:34:45.048265,Ben Stanić,,NT,,,,,,,,,,,,,,Hrvatska,Brz,,false,27,44,334950,8,,5,7,1,18,8,13,7,4,4,5,7,,Bočni igrač,portal_tracker,2026-01-19 15:34:45.048265+00,,472923826,3f5ca8b9-d920-4000-bf1e-b906d43c04a4,,,,,,,,,,,,,2026-01-19 15:34:45.048265+00
40,,,2026-01-19 15:34:45.048265,Benjamin Kovačević,,NT,,,,,,,,,,,,,,Hrvatska,Nepredvidiv,,false,31,27,217990,11,,8,6,1,14,18,3,9,5,16,0,0,,Srednji vezni,portal_tracker,2026-01-19 15:34:45.048265+00,,462803078,3f5ca8b9-d920-4000-bf1e-b906d43c04a4,,,,,,,,,,,,,2026-01-19 15:34:45.048265+00
41,,,2026-01-19 15:34:45.048265,Benjamin Školjić,,NT,,,,,,,,,,,,,,Hrvatska,Brz,,false,28,14,322880,7,,6,7,1,15,17,7,7,6,6,3,0,,Srednji branič,portal_tracker,2026-01-19 15:34:45.048265+00,,472282226,3f5ca8b9-d920-4000-bf1e-b906d43c04a4,,,,,,,,,,,,,2026-01-19 15:34:45.048265+00
42,,,2026-01-19 15:34:45.048265,Bernard Jurkin,,NT,,,,,,,,,,,,,,Hrvatska,Nepredvidiv,,false,31,62,240190,11,,7,7,1,17,15,2,6,5,1,0,0,,Srednji branič,portal_tracker,2026-01-19 15:34:45.048265+00,,462081160,3f5ca8b9-d920-4000-bf1e-b906d43c04a4,,,,,,,,,,,,,2026-01-19 15:34:45.048265+00
43,,,2026-01-19 15:34:45.048265,Boris Džoni,,NT,,,,,,,,,,,,,,Hrvatska,Nepredvidiv,,false,32,17,246850,11,,7,7,1,9,17,3,17,4,3,3,0,,Srednji vezni,portal_tracker,2026-01-19 15:34:45.048265+00,,460546312,3f5ca8b9-d920-4000-bf1e-b906d43c04a4,,,,,,,,,,,,,2026-01-19 15:34:45.048265+00
44,,,2026-01-19 15:34:45.048265,Boris Rogomentić,,NT,,,,,,,,,,,,,,Hrvatska,Tehničar,,false,31,99,292710,9,,7,7,1,8,17,15,12,9,1,0,0,,Krilo,portal_tracker,2026-01-19 15:34:45.048265+00,,461208883,3f5ca8b9-d920-4000-bf1e-b906d43c04a4,,,,,,,,,,,,,2026-01-19 15:34:45.048265+00
45,,,2026-01-19 15:34:45.048265,Borna Radov,,NT,,,,,,,,,,,,,,Hrvatska,Nepredvidiv,,false,30,80,201050,10,,8,6,1,15,15,6,10,3,2,0,0,,Srednji branič,portal_tracker,2026-01-19 15:34:45.048265+00,,463522616,3f5ca8b9-d920-4000-bf1e-b906d43c04a4,,,,,,,,,,,,,2026-01-19 15:34:45.048265+00
46,,,2026-01-19 15:34:45.048265,Božidar Lukšić,,NT,,,,,,,,,,,,,,Hrvatska,Igra glavom,,false,32,70,255460,14,,7,8,1,10,16,18,9,3,13,7,0,,Krilo,portal_tracker,2026-01-19 15:34:45.048265+00,,459497841,3f5ca8b9-d920-4000-bf1e-b906d43c04a4,,,,,,,,,,,,,2026-01-19 15:34:45.048265+00
47,,,2026-01-19 15:34:45.048265,Božidar Roca,,NT,,,,,,,,,,,,,,Hrvatska,,,false,35,26,71830,12,,7,5,19,12,0,0,1,1,21,0,0,,Vratar,portal_tracker,2026-01-19 15:34:45.048265+00,,452926133,3f5ca8b9-d920-4000-bf1e-b906d43c04a4,,,,,,,,,,,,,2026-01-19 15:34:45.048265+00
48,,,2026-01-19 15:34:45.048265,Božidar Štefan,,NT,,,,,,,,,,,,,,Hrvatska,,,false,31,68,193330,11,,6,6,1,16,14,6,12,3,10,0,0,,Srednji branič,portal_tracker,2026-01-19 15:34:45.048265+00,,461673792,3f5ca8b9-d920-4000-bf1e-b906d43c04a4,,,,,,,,,,,,,2026-01-19 15:34:45.048265+00
49,,,2026-01-19 15:34:45.048265,Božo 'Ra' Stura,,NT,,,,,,,,,,,,,,Hrvatska,Tehničar,,false,33,34,130740,16,,8,8,1,12,18,2,11,7,12,6,5,,Srednji vezni,portal_tracker,2026-01-19 15:34:45.048265+00,,458027092,3f5ca8b9-d920-4000-bf1e-b906d43c04a4,,,,,,,,,,,,,2026-01-19 15:34:45.048265+00
50,,,2026-01-19 15:34:45.048265,Branimir Ostreš,,NT,,,,,,,,,,,,,,Hrvatska,Igra glavom,2,false,31,93,124850,12,,6,7,1,12,17,2,3,11,17,0,0,,Srednji vezni,portal_tracker,2026-01-19 15:34:45.048265+00,,461782346,3f5ca8b9-d920-4000-bf1e-b906d43c04a4,,,,,,,,,,,,,2026-01-19 15:34:45.048265+00
51,,,2026-01-19 15:34:45.048265,Branko Katuša,,NT,,,,,,,,,,,,,,Hrvatska,Igra glavom,,false,35,19,44790,14,,6,7,0,15,13,14,8,4,10,7,0,,Bočni igrač,portal_tracker,2026-01-19 15:34:45.048265+00,,453024305,3f5ca8b9-d920-4000-bf1e-b906d43c04a4,,,,,,,,,,,,,2026-01-19 15:34:45.048265+00
52,,,2026-01-19 15:34:45.048265,Branko Matarela,,NT,,,,,,,,,,,,,,Hrvatska,,,false,30,9,320930,10,,6,8,1,11,17,5,14,10,10,0,0,,Srednji vezni,portal_tracker,2026-01-19 15:34:45.048265+00,,465060649,3f5ca8b9-d920-4000-bf1e-b906d43c04a4,,,,,,,,,,,,,2026-01-19 15:34:45.048265+00
53,,,2026-01-19 15:34:45.048265,Bruno Galeb,,NT,,,,,,,,,,,,,,Hrvatska,Nepredvidiv,,false,30,93,257960,12,,7,8,1,4,8,7,13,18,7,0,11,,Napadač,portal_tracker,2026-01-19 15:34:45.048265+00,,463405898,3f5ca8b9-d920-4000-bf1e-b906d43c04a4,,,,,,,,,,,,,2026-01-19 15:34:45.048265+00
54,,,2026-01-19 15:34:45.048265,Dalibor Reljanović,,NT,,,,,,,,,,,,,,Hrvatska,Nepredvidiv,,false,28,104,519630,10,,8,7,1,5,16,18,9,3,4,0,3,,Krilo,portal_tracker,2026-01-19 15:34:45.048265+00,,469302858,3f5ca8b9-d920-4000-bf1e-b906d43c04a4,,,,,,,,,,,,,2026-01-19 15:34:45.048265+00
55,,,2026-01-19 15:34:45.048265,Damjan Faričić,,NT,,,,,,,,,,,,,,Hrvatska,Igra glavom,,false,28,28,413950,9,,7,7,1,5,7,10,14,18,11,3,1,,Napadač,portal_tracker,2026-01-19 15:34:45.048265+00,,471149619,3f5ca8b9-d920-4000-bf1e-b906d43c04a4,,,,,,,,,,,,,2026-01-19 15:34:45.048265+00
56,,,2026-01-19 15:34:45.048265,Dane 'Dan the Man' Hrvatić,,NT,,,,,,,,,,,,,,Hrvatska,Igra glavom,,false,31,47,242570,13,,5,8,1,12,18,6,12,8,9,12,4,,Srednji vezni,portal_tracker,2026-01-19 15:34:45.048265+00,,462049222,3f5ca8b9-d920-4000-bf1e-b906d43c04a4,,,,,,,,,,,,,2026-01-19 15:34:45.048265+00
57,,,2026-01-19 15:34:45.048265,Dane Volarević,,NT,,,,,,,,,,,,,,Hrvatska,Igra glavom,,false,34,54,50900,16,,7,7,0,9,18,3,12,7,11,6,1,,Srednji vezni,portal_tracker,2026-01-19 15:34:45.048265+00,,454849243,3f5ca8b9-d920-4000-bf1e-b906d43c04a4,,,,,,,,,,,,,2026-01-19 15:34:45.048265+00
58,,,2026-01-19 15:34:45.048265,Danijel Polak,,NT,,,,,,,,,,,,,,Hrvatska,,,false,35,3,26490,14,,3,6,1,15,16,3,8,3,4,0,0,,Srednji branič,portal_tracker,2026-01-19 15:34:45.048265+00,,453228887,3f5ca8b9-d920-4000-bf1e-b906d43c04a4,,,,,,,,,,,,,2026-01-19 15:34:45.048265+00
59,,,2026-01-19 15:34:45.048265,Danijel Premate,,NT,,,,,,,,,,,,,,Hrvatska,,,false,30,109,304330,12,,4,8,1,12,18,7,13,10,11,1,0,,Srednji vezni,portal_tracker,2026-01-19 15:34:45.048265+00,,462946833,3f5ca8b9-d920-4000-bf1e-b906d43c04a4,,,,,,,,,,,,,2026-01-19 15:34:45.048265+00
60,,,2026-01-19 15:34:45.048265,Danijel Selak,,NT,,,,,,,,,,,,,,Hrvatska,Nepredvidiv,1,false,32,10,195480,12,,8,6,1,12,17,16,9,7,3,0,0,,Krilo,portal_tracker,2026-01-19 15:34:45.048265+00,,460620717,3f5ca8b9-d920-4000-bf1e-b906d43c04a4,,,,,,,,,,,,,2026-01-19 15:34:45.048265+00
61,,,2026-01-19 15:34:45.048265,Darijo Verić,,NT,,,,,,,,,,,,,,Hrvatska,Nepredvidiv,,false,31,39,176390,11,,7,8,1,16,10,14,7,3,8,0,0,,Bočni igrač,portal_tracker,2026-01-19 15:34:45.048265+00,,462279779,3f5ca8b9-d920-4000-bf1e-b906d43c04a4,,,,,,,,,,,,,2026-01-19 15:34:45.048265+00
62,,,2026-01-19 15:34:45.048265,David 'Goliath' Matulović,,NT,,,,,,,,,,,,,,Hrvatska,Nepredvidiv,,false,30,87,325740,11,,4,8,1,10,16,18,10,4,2,6,17,,Krilo,portal_tracker,2026-01-19 15:34:45.048265+00,,463430531,3f5ca8b9-d920-4000-bf1e-b906d43c04a4,,,,,,,,,,,,,2026-01-19 15:34:45.048265+00
63,,,2026-01-19 15:34:45.048265,Denis Sablić,,NT,,,,,,,,,,,,,,Hrvatska,Nepredvidiv,,false,33,0,116710,13,,7,8,1,12,16,4,11,9,22,0,0,,Srednji vezni,portal_tracker,2026-01-19 15:34:45.048265+00,,458552398,3f5ca8b9-d920-4000-bf1e-b906d43c04a4,,,,,,,,,,,,,2026-01-19 15:34:45.048265+00
64,,,2026-01-19 15:34:45.048265,Dinko Selak,,NT,,,,,,,,,,,,,,Hrvatska,Igra glavom,,false,32,99,175710,11,,6,8,1,12,17,13,9,2,7,0,0,,Srednji vezni,portal_tracker,2026-01-19 15:34:45.048265+00,,459300397,3f5ca8b9-d920-4000-bf1e-b906d43c04a4,,,,,,,,,,,,,2026-01-19 15:34:45.048265+00
65,,,2026-01-19 15:34:45.048265,Dinko Žuliček,,NT,,,,,,,,,,,,,,Hrvatska,,,false,34,42,45520,13,,7,5,1,14,16,3,11,3,12,0,0,,Srednji vezni,portal_tracker,2026-01-19 15:34:45.048265+00,,455285588,3f5ca8b9-d920-4000-bf1e-b906d43c04a4,,,,,,,,,,,,,2026-01-19 15:34:45.048265+00
66,,,2026-01-19 15:34:45.048265,Dino Ovanin,,NT,,,,,,,,,,,,,,Hrvatska,Brz,,false,30,7,207760,10,,5,8,2,16,9,15,11,3,8,0,0,,Bočni igrač,portal_tracker,2026-01-19 15:34:45.048265+00,,465094022,3f5ca8b9-d920-4000-bf1e-b906d43c04a4,,,,,,,,,,,,,2026-01-19 15:34:45.048265+00
67,,,2026-01-19 15:34:45.048265,Dino Sorić,,NT,,,,,,,,,,,,,,Hrvatska,Brz,,false,26,84,434910,8,,7,7,1,2,13,6,13,16,2,4,1,,Napadač,portal_tracker,2026-01-19 15:34:45.048265+00,,474232848,3f5ca8b9-d920-4000-bf1e-b906d43c04a4,,,,,,,,,,,,,2026-01-19 15:34:45.048265+00
68,,,2026-01-19 15:34:45.048265,Ðino 'Brzi' Glumičić,,NT,,,,,,,,,,,,,,Hrvatska,Brz,,false,31,10,303110,11,,8,8,1,2,14,9,13,16,11,17,0,,Napadač,portal_tracker,2026-01-19 15:34:45.048265+00,,463527081,3f5ca8b9-d920-4000-bf1e-b906d43c04a4,,,,,,,,,,,,,2026-01-19 15:34:45.048265+00
69,,,2026-01-19 15:34:45.048265,Ðino Lamza,,NT,,,,,,,,,,,,,,Hrvatska,Nepredvidiv,,false,27,111,365590,7,,7,7,2,4,4,5,15,16,3,0,0,,Napadač,portal_tracker,2026-01-19 15:34:45.048265+00,,471535958,3f5ca8b9-d920-4000-bf1e-b906d43c04a4,,,,,,,,,,,,,2026-01-19 15:34:45.048265+00
70,,,2026-01-19 15:34:45.048265,Domagoj Škugor,,NT,,,,,,,,,,,,,,Hrvatska,Snažan,1,false,27,61,433070,9,,7,7,1,4,13,6,14,17,4,3,12,,Napadač,portal_tracker,2026-01-19 15:34:45.048265+00,,472430582,3f5ca8b9-d920-4000-bf1e-b906d43c04a4,,,,,,,,,,,,,2026-01-19 15:34:45.048265+00
71,,,2026-01-19 15:34:45.048265,Domagoj Zekan,,NT,,,,,,,,,,,,,,Hrvatska,,,false,31,24,107430,12,,6,6,19,16,1,2,1,1,19,0,0,,Vratar,portal_tracker,2026-01-19 15:34:45.048265+00,,462621317,3f5ca8b9-d920-4000-bf1e-b906d43c04a4,,,,,,,,,,,,,2026-01-19 15:34:45.048265+00
72,,,2026-01-19 15:34:45.048265,Dominik Stanković,,NT,,,,,,,,,,,,,,Hrvatska,Brz,,false,26,69,386080,9,,8,7,1,4,14,16,13,4,3,0,11,,Krilo,portal_tracker,2026-01-19 15:34:45.048265+00,,474434742,3f5ca8b9-d920-4000-bf1e-b906d43c04a4,,,,,,,,,,,,,2026-01-19 15:34:45.048265+00
73,,,2026-01-19 15:34:45.048265,Dragan Buhin,,NT,,,,,,,,,,,,,,Hrvatska,Snažan,,false,28,89,404980,9,,7,8,1,3,14,4,12,17,1,0,8,,Napadač,portal_tracker,2026-01-19 15:34:45.048265+00,,469904635,3f5ca8b9-d920-4000-bf1e-b906d43c04a4,,,,,,,,,,,,,2026-01-19 15:34:45.048265+00
74,,,2026-01-19 15:34:45.048265,Dragiša 'Brzonogi' Otić,,NT,,,,,,,,,,,,,,Hrvatska,Brz,,false,28,24,367150,8,,5,7,2,3,11,11,12,17,2,0,4,,Napadač,portal_tracker,2026-01-19 15:34:45.048265+00,,472280798,3f5ca8b9-d920-4000-bf1e-b906d43c04a4,,,,,,,,,,,,,2026-01-19 15:34:45.048265+00
75,,,2026-01-19 15:34:45.048265,Drago Mišković,,NT,,,,,,,,,,,,,,Hrvatska,Igra glavom,,false,31,25,164630,10,,7,7,1,18,6,12,7,4,15,0,0,,Bočni igrač,portal_tracker,2026-01-19 15:34:45.048265+00,,462750159,3f5ca8b9-d920-4000-bf1e-b906d43c04a4,,,,,,,,,,,,,2026-01-19 15:34:45.048265+00
76,,,2026-01-19 15:34:45.048265,Drago Nazor,,NT,,,,,,,,,,,,,,Hrvatska,Nepredvidiv,,false,33,17,106740,14,,7,7,1,9,18,5,13,6,15,4,3,,Srednji vezni,portal_tracker,2026-01-19 15:34:45.048265+00,,458457201,3f5ca8b9-d920-4000-bf1e-b906d43c04a4,,,,,,,,,,,,,2026-01-19 15:34:45.048265+00
77,,,2026-01-19 15:34:45.048265,Dragutin Kerić,,NT,,,,,,,,,,,,,,Hrvatska,Brz,,false,30,46,367740,11,,7,7,1,11,16,17,10,7,2,3,0,,Krilo,portal_tracker,2026-01-19 15:34:45.048265+00,,464452263,3f5ca8b9-d920-4000-bf1e-b906d43c04a4,,,,,,,,,,,,,2026-01-19 15:34:45.048265+00
78,,,2026-01-19 15:34:45.048265,Dragutin Vajdić,,NT,,,,,,,,,,,,,,Hrvatska,Brz,,false,31,57,330660,9,,8,6,1,10,17,17,9,7,1,0,0,,Krilo,portal_tracker,2026-01-19 15:34:45.048265+00,,461729801,3f5ca8b9-d920-4000-bf1e-b906d43c04a4,,,,,,,,,,,,,2026-01-19 15:34:45.048265+00
79,,,2026-01-19 15:34:45.048265,Dragutin Valičević,,NT,,,,,,,,,,,,,,Hrvatska,Igra glavom,1,false,34,105,43910,11,,7,5,0,7,18,2,14,3,2,2,0,,Srednji vezni,portal_tracker,2026-01-19 15:34:45.048265+00,,453382718,3f5ca8b9-d920-4000-bf1e-b906d43c04a4,,,,,,,,,,,,,2026-01-19 15:34:45.048265+00
80,,,2026-01-19 15:34:45.048265,Dražen Murgić,,NT,,,,,,,,,,,,,,Hrvatska,Nepredvidiv,,false,35,11,49880,14,,7,7,1,10,15,16,9,3,16,5,0,,Krilo,portal_tracker,2026-01-19 15:34:45.048265+00,,453179970,3f5ca8b9-d920-4000-bf1e-b906d43c04a4,,,,,,,,,,,,,2026-01-19 15:34:45.048265+00
81,,,2026-01-19 15:34:45.048265,Dubravko Stijepović,,NT,,,,,,,,,,,,,,Hrvatska,Snažan,,false,32,52,171370,11,,7,8,1,11,17,13,9,6,7,0,0,,Srednji vezni,portal_tracker,2026-01-19 15:34:45.048265+00,,459736423,3f5ca8b9-d920-4000-bf1e-b906d43c04a4,,,,,,,,,,,,,2026-01-19 15:34:45.048265+00
82,,,2026-01-19 15:34:45.048265,Eduard Maroević,,NT,,,,,,,,,,,,,,Hrvatska,Nepredvidiv,,false,32,105,242330,13,,6,8,1,2,14,9,15,17,3,11,4,,Napadač,portal_tracker,2026-01-19 15:34:45.048265+00,,458646241,3f5ca8b9-d920-4000-bf1e-b906d43c04a4,,,,,,,,,,,,,2026-01-19 15:34:45.048265+00
83,,,2026-01-19 15:34:45.048265,Eduardo Cakarun,,NT,,,,,,,,,,,,,,Hrvatska,,,false,33,51,102530,15,,6,7,20,15,0,0,0,2,22,9,12,,Vratar,portal_tracker,2026-01-19 15:34:45.048265+00,,458170481,3f5ca8b9-d920-4000-bf1e-b906d43c04a4,,,,,,,,,,,,,2026-01-19 15:34:45.048265+00
84,,,2026-01-19 15:34:45.048265,Eduardo Vidak,,NT,,,,,,,,,,,,,,Hrvatska,Nepredvidiv,,false,31,29,163920,12,,6,8,1,15,8,16,9,4,15,3,0,,Bočni igrač,portal_tracker,2026-01-19 15:34:45.048265+00,,462480182,3f5ca8b9-d920-4000-bf1e-b906d43c04a4,,,,,,,,,,,,,2026-01-19 15:34:45.048265+00
85,,,2026-01-19 15:34:45.048265,Elvis Protega,,NT,,,,,,,,,,,,,,Hrvatska,Nepredvidiv,,false,33,64,132490,14,,7,7,1,9,17,14,11,3,3,0,0,,Srednji vezni,portal_tracker,2026-01-19 15:34:45.048265+00,,456996416,3f5ca8b9-d920-4000-bf1e-b906d43c04a4,,,,,,,,,,,,,2026-01-19 15:34:45.048265+00
86,,,2026-01-19 15:34:45.048265,Emanuel Šutalo,,NT,,,,,,,,,,,,,,Hrvatska,Snažan,,false,30,37,265270,10,,7,7,1,17,14,4,10,3,9,0,0,,Srednji branič,portal_tracker,2026-01-19 15:34:45.048265+00,,464695452,3f5ca8b9-d920-4000-bf1e-b906d43c04a4,,,,,,,,,,,,,2026-01-19 15:34:45.048265+00
87,,,2026-01-19 15:34:45.048265,Ernest Mladenović,,NT,,,,,,,,,,,,,,Hrvatska,Nepredvidiv,,false,28,70,394340,9,,7,7,1,12,18,3,10,3,1,0,1,,Srednji vezni,portal_tracker,2026-01-19 15:34:45.048265+00,,470163827,3f5ca8b9-d920-4000-bf1e-b906d43c04a4,,,,,,,,,,,,,2026-01-19 15:34:45.048265+00
88,,,2026-01-19 15:34:45.048265,Ernest Ralević,,NT,,,,,,,,,,,,,,Hrvatska,Brz,,false,34,29,47840,12,,7,5,1,12,18,2,12,5,2,7,0,,Srednji vezni,portal_tracker,2026-01-19 15:34:45.048265+00,,455609674,3f5ca8b9-d920-4000-bf1e-b906d43c04a4,,,,,,,,,,,,,2026-01-19 15:34:45.048265+00
89,,,2026-01-19 15:34:45.048265,Fausto 'Surprise' Annicelli,,NT,,,,,,,,,,,,,,Hrvatska,Snažan,,false,29,88,382580,10,,6,7,1,16,17,4,8,7,4,0,1,,Srednji branič,portal_tracker,2026-01-19 15:34:45.048265+00,,465843900,3f5ca8b9-d920-4000-bf1e-b906d43c04a4,,,,,,,,,,,,,2026-01-19 15:34:45.048265+00
90,,,2026-01-19 15:34:45.048265,Filip Vrkić,,NT,,,,,,,,,,,,,,Hrvatska,Snažan,,false,34,80,54930,14,,6,5,0,14,17,2,12,8,10,4,1,,Srednji vezni,portal_tracker,2026-01-19 15:34:45.048265+00,,454362542,3f5ca8b9-d920-4000-bf1e-b906d43c04a4,,,,,,,,,,,,,2026-01-19 15:34:45.048265+00
91,,,2026-01-19 15:34:45.048265,Fran Batinić,,NT,,,,,,,,,,,,,,Hrvatska,Tehničar,,false,30,55,366630,12,,6,7,1,12,18,4,13,8,3,13,3,,Srednji vezni,portal_tracker,2026-01-19 15:34:45.048265+00,,463919295,3f5ca8b9-d920-4000-bf1e-b906d43c04a4,,,,,,,,,,,,,2026-01-19 15:34:45.048265+00
92,,,2026-01-19 15:34:45.048265,Fran Golik,,NT,,,,,,,,,,,,,,Hrvatska,Nepredvidiv,,false,31,79,103730,10,,4,6,20,15,3,4,5,2,21,5,0,,Vratar,portal_tracker,2026-01-19 15:34:45.048265+00,,461781831,3f5ca8b9-d920-4000-bf1e-b906d43c04a4,,,,,,,,,,,,,2026-01-19 15:34:45.048265+00
93,,,2026-01-19 15:34:45.048265,Fran Petravić,,NT,,,,,,,,,,,,,,Hrvatska,Brz,,false,31,80,258140,12,,7,8,1,12,18,5,10,7,13,0,4,,Srednji vezni,portal_tracker,2026-01-19 15:34:45.048265+00,,461462055,3f5ca8b9-d920-4000-bf1e-b906d43c04a4,,,,,,,,,,,,,2026-01-19 15:34:45.048265+00
94,,,2026-01-19 15:34:45.048265,Frano Lacmanović,,NT,,,,,,,,,,,,,,Hrvatska,Igra glavom,,false,30,83,268050,10,,8,8,1,6,9,6,8,19,8,0,0,,Napadač,portal_tracker,2026-01-19 15:34:45.048265+00,,463639473,3f5ca8b9-d920-4000-bf1e-b906d43c04a4,,,,,,,,,,,,,2026-01-19 15:34:45.048265+00
95,,,2026-01-19 15:34:45.048265,Frano Zanki,,NT,,,,,,,,,,,,,,Hrvatska,Tehničar,,false,34,51,43720,13,,5,7,1,9,17,1,13,2,18,5,0,,Srednji vezni,portal_tracker,2026-01-19 15:34:45.048265+00,,454811186,3f5ca8b9-d920-4000-bf1e-b906d43c04a4,,,,,,,,,,,,,2026-01-19 15:34:45.048265+00
96,,,2026-01-19 15:34:45.048265,Gabrijel Barbarić,,NT,,,,,,,,,,,,,,Hrvatska,Brz,,false,32,32,79830,12,,3,7,1,16,8,14,9,5,16,5,0,,Bočni igrač,portal_tracker,2026-01-19 15:34:45.048265+00,,460360516,3f5ca8b9-d920-4000-bf1e-b906d43c04a4,,,,,,,,,,,,,2026-01-19 15:34:45.048265+00
97,,,2026-01-19 15:34:45.048265,Gabrijel Šunjo,,NT,,,,,,,,,,,,,,Hrvatska,Igra glavom,,false,36,25,29020,28,,5,4,1,17,4,16,7,1,11,56,37,,Bočni igrač,portal_tracker,2026-01-19 15:34:45.048265+00,,449783708,3f5ca8b9-d920-4000-bf1e-b906d43c04a4,,,,,,,,,,,,,2026-01-19 15:34:45.048265+00
98,,,2026-01-19 15:34:45.048265,Gašpar Folo,,NT,,,,,,,,,,,,,,Hrvatska,Tehničar,,false,31,64,324300,12,,7,8,1,3,17,5,13,16,3,0,0,,Napadač,portal_tracker,2026-01-19 15:34:45.048265+00,,461643000,3f5ca8b9-d920-4000-bf1e-b906d43c04a4,,,,,,,,,,,,,2026-01-19 15:34:45.048265+00
99,,,2026-01-19 15:34:45.048265,Gašpar Pestić,,NT,,,,,,,,,,,,,,Hrvatska,Igra glavom,,false,34,54,46780,14,,7,5,1,9,16,14,13,3,16,0,0,,Srednji vezni,portal_tracker,2026-01-19 15:34:45.048265+00,,454751573,3f5ca8b9-d920-4000-bf1e-b906d43c04a4,,,,,,,,,,,,,2026-01-19 15:34:45.048265+00
100,,,2026-01-19 15:34:45.048265,Gašpar 'Eustahije' Šipić,,NT,,,,,,,,,,,,,,Hrvatska,Brz,,false,30,89,436610,12,,7,8,1,9,17,17,10,6,2,25,15,,Krilo,portal_tracker,2026-01-19 15:34:45.048265+00,,463431084,3f5ca8b9-d920-4000-bf1e-b906d43c04a4,,,,,,,,,,,,,2026-01-19 15:34:45.048265+00
101,,,2026-01-19 15:34:45.048265,Gašpar 'Modrić' Trglavčnik,,NT,,,,,,,,,,,,,,Hrvatska,Igra glavom,,false,34,91,66250,18,,7,7,1,13,17,5,14,3,11,21,0,,Srednji vezni,portal_tracker,2026-01-19 15:34:45.048265+00,,454226418,3f5ca8b9-d920-4000-bf1e-b906d43c04a4,,,,,,,,,,,,,2026-01-19 15:34:45.048265+00
102,,,2026-01-19 15:34:45.048265,Gavrilo Tošić,,NT,,,,,,,,,,,,,,Hrvatska,Nepredvidiv,,false,32,97,224060,12,,7,8,1,6,16,17,12,4,7,0,5,,Krilo,portal_tracker,2026-01-19 15:34:45.048265+00,,459154650,3f5ca8b9-d920-4000-bf1e-b906d43c04a4,,,,,,,,,,,,,2026-01-19 15:34:45.048265+00
103,,,2026-01-19 15:34:45.048265,Gianni Caldiero,,NT,,,,,,,,,,,,,,Hrvatska,,,false,29,74,344550,11,,7,8,1,16,5,17,9,3,7,1,8,,Bočni igrač,portal_tracker,2026-01-19 15:34:45.048265+00,,466032537,3f5ca8b9-d920-4000-bf1e-b906d43c04a4,,,,,,,,,,,,,2026-01-19 15:34:45.048265+00
104,,,2026-01-19 15:34:45.048265,Gojko Zeljko,,NT,,,,,,,,,,,,,,Hrvatska,Brz,,false,31,21,309520,9,,7,7,1,11,15,18,11,4,7,1,0,,Krilo,portal_tracker,2026-01-19 15:34:45.048265+00,,462577329,3f5ca8b9-d920-4000-bf1e-b906d43c04a4,,,,,,,,,,,,,2026-01-19 15:34:45.048265+00
105,,,2026-01-19 15:34:45.048265,Goran Monteduro,,NT,,,,,,,,,,,,,,Hrvatska,Snažan,,false,30,99,364530,11,,8,6,1,2,14,11,16,14,3,0,15,,Napadač,portal_tracker,2026-01-19 15:34:45.048265+00,,463028575,3f5ca8b9-d920-4000-bf1e-b906d43c04a4,,,,,,,,,,,,,2026-01-19 15:34:45.048265+00
106,,,2026-01-19 15:34:45.048265,Goran Rašić,,NT,,,,,,,,,,,,,,Hrvatska,,,false,35,35,71540,20,,6,7,20,14,0,0,0,0,21,32,14,,Vratar,portal_tracker,2026-01-19 15:34:45.048265+00,,452791606,3f5ca8b9-d920-4000-bf1e-b906d43c04a4,,,,,,,,,,,,,2026-01-19 15:34:45.048265+00
107,,,2026-01-19 15:34:45.048265,Gordan Marijanović,,NT,,,,,,,,,,,,,,Hrvatska,,,false,35,35,58670,14,,4,6,20,14,0,1,0,1,21,25,7,,Vratar,portal_tracker,2026-01-19 15:34:45.048265+00,,452764481,3f5ca8b9-d920-4000-bf1e-b906d43c04a4,,,,,,,,,,,,,2026-01-19 15:34:45.048265+00
108,,,2026-01-19 15:34:45.048265,Gordan Markešić,,NT,,,,,,,,,,,,,,Hrvatska,Igra glavom,,false,31,51,334490,11,,8,8,1,13,18,2,14,3,3,5,0,,Srednji vezni,portal_tracker,2026-01-19 15:34:45.048265+00,,461803057,3f5ca8b9-d920-4000-bf1e-b906d43c04a4,,,,,,,,,,,,,2026-01-19 15:34:45.048265+00
109,,,2026-01-19 15:34:45.048265,Grga Trdić,,NT,,,,,,,,,,,,,,Hrvatska,Brz,,false,28,41,332150,9,,6,7,1,13,17,4,13,2,5,0,1,,Srednji vezni,portal_tracker,2026-01-19 15:34:45.048265+00,,470854602,3f5ca8b9-d920-4000-bf1e-b906d43c04a4,,,,,,,,,,,,,2026-01-19 15:34:45.048265+00
110,,,2026-01-19 15:34:45.048265,Grgo Crnjak,,NT,,,,,,,,,,,,,,Hrvatska,Snažan,,false,34,74,40240,10,,6,5,0,15,17,6,7,4,2,1,0,,Srednji vezni,portal_tracker,2026-01-19 15:34:45.048265+00,,454486816,3f5ca8b9-d920-4000-bf1e-b906d43c04a4,,,,,,,,,,,,,2026-01-19 15:34:45.048265+00
111,,,2026-01-19 15:34:45.048265,Grgo Honović,,NT,,,,,,,,,,,,,,Hrvatska,Brz,,false,34,80,57030,18,,7,7,1,10,14,17,11,4,15,9,15,,Krilo,portal_tracker,2026-01-19 15:34:45.048265+00,,454389201,3f5ca8b9-d920-4000-bf1e-b906d43c04a4,,,,,,,,,,,,,2026-01-19 15:34:45.048265+00
112,,,2026-01-19 15:34:45.048265,Grgo Rajš,,NT,,,,,,,,,,,,,,Hrvatska,Nepredvidiv,,false,32,47,79390,11,,3,6,1,15,14,2,11,3,9,0,0,,Srednji branič,portal_tracker,2026-01-19 15:34:45.048265+00,,460630402,3f5ca8b9-d920-4000-bf1e-b906d43c04a4,,,,,,,,,,,,,2026-01-19 15:34:45.048265+00
113,,,2026-01-19 15:34:45.048265,Gvozden Končarević,,NT,,,,,,,,,,,,,,Hrvatska,Snažan,,false,29,69,303630,11,,5,8,2,16,17,3,5,6,1,0,9,,Srednji branič,portal_tracker,2026-01-19 15:34:45.048265+00,,466158285,3f5ca8b9-d920-4000-bf1e-b906d43c04a4,,,,,,,,,,,,,2026-01-19 15:34:45.048265+00
114,,,2026-01-19 15:34:45.048265,Haris Fatkić,,NT,,,,,,,,,,,,,,Hrvatska,,,false,32,88,247510,16,,6,8,1,13,18,5,13,4,11,11,4,,Srednji vezni,portal_tracker,2026-01-19 15:34:45.048265+00,,459242147,3f5ca8b9-d920-4000-bf1e-b906d43c04a4,,,,,,,,,,,,,2026-01-19 15:34:45.048265+00
115,,,2026-01-19 15:34:45.048265,Hrvoje Bezbradica,,NT,,,,,,,,,,,,,,Hrvatska,Igra glavom,,false,30,88,215540,10,,6,6,1,12,15,5,14,7,2,0,4,,Srednji vezni,portal_tracker,2026-01-19 15:34:45.048265+00,,463423206,3f5ca8b9-d920-4000-bf1e-b906d43c04a4,,,,,,,,,,,,,2026-01-19 15:34:45.048265+00
116,,,2026-01-19 15:34:45.048265,Hrvoje Prelas,,NT,,,,,,,,,,,,,,Hrvatska,,,false,33,23,117120,13,,7,7,1,17,16,3,3,4,7,0,0,,Srednji branič,portal_tracker,2026-01-19 15:34:45.048265+00,,458290597,3f5ca8b9-d920-4000-bf1e-b906d43c04a4,,,,,,,,,,,,,2026-01-19 15:34:45.048265+00
117,,,2026-01-19 15:34:45.048265,Hrvoje Svjetlanović,,NT,,,,,,,,,,,,,,Hrvatska,,,false,31,15,145450,10,,8,7,20,15,1,2,2,1,20,7,0,,Vratar,portal_tracker,2026-01-19 15:34:45.048265+00,,462660957,3f5ca8b9-d920-4000-bf1e-b906d43c04a4,,,,,,,,,,,,,2026-01-19 15:34:45.048265+00
118,,,2026-01-19 15:34:45.048265,Hrvoje Zidarević,,NT,,,,,,,,,,,,,,Hrvatska,Brz,,false,34,36,60460,15,,6,7,1,13,16,15,7,9,1,0,13,,Krilo,portal_tracker,2026-01-19 15:34:45.048265+00,,455838236,3f5ca8b9-d920-4000-bf1e-b906d43c04a4,,,,,,,,,,,,,2026-01-19 15:34:45.048265+00
119,,,2026-01-19 15:34:45.048265,Igor Ivanov,,NT,,,,,,,,,,,,,,Hrvatska,Brz,,false,29,60,256320,8,,7,6,1,4,3,12,12,17,2,0,0,,Napadač,portal_tracker,2026-01-19 15:34:45.048265+00,,466208013,3f5ca8b9-d920-4000-bf1e-b906d43c04a4,,,,,,,,,,,,,2026-01-19 15:34:45.048265+00
120,,,2026-01-19 15:34:45.048265,Ismail Medić,,NT,,,,,,,,,,,,,,Hrvatska,Igra glavom,,false,34,26,38650,12,,7,5,1,10,18,4,11,8,4,0,0,,Srednji vezni,portal_tracker,2026-01-19 15:34:45.048265+00,,457927688,3f5ca8b9-d920-4000-bf1e-b906d43c04a4,,,,,,,,,,,,,2026-01-19 15:34:45.048265+00
121,,,2026-01-19 15:34:45.048265,István Csiernyik,,NT,,,,,,,,,,,,,,Hrvatska,Tehničar,,false,33,91,97760,10,,6,6,1,4,14,5,13,16,11,0,0,,Napadač,portal_tracker,2026-01-19 15:34:45.048265+00,,456630296,3f5ca8b9-d920-4000-bf1e-b906d43c04a4,,,,,,,,,,,,,2026-01-19 15:34:45.048265+00
122,,,2026-01-19 15:34:45.048265,István Mikóczi,,NT,,,,,,,,,,,,,,Hrvatska,Brz,,false,32,91,143460,17,,7,7,1,6,11,16,10,14,8,0,22,,Napadač,portal_tracker,2026-01-19 15:34:45.048265+00,,459217958,3f5ca8b9-d920-4000-bf1e-b906d43c04a4,,,,,,,,,,,,,2026-01-19 15:34:45.048265+00
123,,,2026-01-19 15:34:45.048265,Ivan Jurkić,,NT,,,,,,,,,,,,,,Hrvatska,Nepredvidiv,,false,29,61,549300,9,,8,8,1,12,15,19,7,8,1,0,5,,Krilo,portal_tracker,2026-01-19 15:34:45.048265+00,,466192969,3f5ca8b9-d920-4000-bf1e-b906d43c04a4,,,,,,,,,,,,,2026-01-19 15:34:45.048265+00
124,,,2026-01-19 15:34:45.048265,Ivan Mistrić,,NT,,,,,,,,,,,,,,Hrvatska,,,false,33,54,68720,12,,6,6,1,16,8,14,9,4,9,0,0,,Bočni igrač,portal_tracker,2026-01-19 15:34:45.048265+00,,457137245,3f5ca8b9-d920-4000-bf1e-b906d43c04a4,,,,,,,,,,,,,2026-01-19 15:34:45.048265+00
125,,,2026-01-19 15:34:45.048265,Ivano Mandić,,NT,,,,,,,,,,,,,,Hrvatska,Snažan,,false,28,102,443960,10,,7,7,1,4,7,13,13,17,2,0,0,,Napadač,portal_tracker,2026-01-19 15:34:45.048265+00,,469331295,3f5ca8b9-d920-4000-bf1e-b906d43c04a4,,,,,,,,,,,,,2026-01-19 15:34:45.048265+00
126,,,2026-01-19 15:34:45.048265,Ivo Kovačević,,NT,,,,,,,,,,,,,,Hrvatska,Tehničar,,false,29,45,451570,9,,8,7,1,6,18,5,16,4,1,0,0,,Srednji vezni,portal_tracker,2026-01-19 15:34:45.048265+00,,468128063,3f5ca8b9-d920-4000-bf1e-b906d43c04a4,,,,,,,,,,,,,2026-01-19 15:34:45.048265+00
127,,,2026-01-19 15:34:45.048265,Ivo Ombla,,NT,,,,,,,,,,,,,,Hrvatska,,,false,32,6,162060,11,,7,7,1,16,14,5,12,2,16,0,0,,Srednji branič,portal_tracker,2026-01-19 15:34:45.048265+00,,460677178,3f5ca8b9-d920-4000-bf1e-b906d43c04a4,,,,,,,,,,,,,2026-01-19 15:34:45.048265+00
128,,,2026-01-19 15:34:45.048265,Izidor Grgić,,NT,,,,,,,,,,,,,,Hrvatska,Brz,,false,29,99,421030,9,,8,7,1,5,12,16,9,17,6,0,0,,Napadač,portal_tracker,2026-01-19 15:34:45.048265+00,,465726588,3f5ca8b9-d920-4000-bf1e-b906d43c04a4,,,,,,,,,,,,,2026-01-19 15:34:45.048265+00
129,,,2026-01-19 15:34:45.048265,Jadran Semenčić,,NT,,,,,,,,,,,,,,Hrvatska,,,false,34,31,35070,12,,6,7,1,18,7,11,9,1,3,0,0,,Bočni igrač,portal_tracker,2026-01-19 15:34:45.048265+00,,455635066,3f5ca8b9-d920-4000-bf1e-b906d43c04a4,,,,,,,,,,,,,2026-01-19 15:34:45.048265+00
130,,,2026-01-19 15:34:45.048265,Jadranko Dragaš,,NT,,,,,,,,,,,,,,Hrvatska,Brz,,false,32,54,150130,12,,8,7,1,3,11,12,12,16,8,0,0,,Napadač,portal_tracker,2026-01-19 15:34:45.048265+00,,459708617,3f5ca8b9-d920-4000-bf1e-b906d43c04a4,,,,,,,,,,,,,2026-01-19 15:34:45.048265+00
131,,,2026-01-19 15:34:45.048265,Jakov Babin,,NT,,,,,,,,,,,,,,Hrvatska,Igra glavom,,false,31,39,262150,10,,6,8,1,10,19,5,12,9,5,8,0,,Srednji vezni,portal_tracker,2026-01-19 15:34:45.048265+00,,462297480,3f5ca8b9-d920-4000-bf1e-b906d43c04a4,,,,,,,,,,,,,2026-01-19 15:34:45.048265+00
132,,,2026-01-19 15:34:45.048265,Jakov Bogdan,,NT,,,,,,,,,,,,,,Hrvatska,Snažan,,false,32,10,209130,10,,7,8,1,13,18,3,13,5,6,0,0,,Srednji vezni,portal_tracker,2026-01-19 15:34:45.048265+00,,460825194,3f5ca8b9-d920-4000-bf1e-b906d43c04a4,,,,,,,,,,,,,2026-01-19 15:34:45.048265+00
133,,,2026-01-19 15:34:45.048265,Jakov Perović,,NT,,,,,,,,,,,,,,Hrvatska,Brz,,false,29,3,451220,12,,7,7,1,14,17,11,9,4,7,0,12,,Srednji vezni,portal_tracker,2026-01-19 15:34:45.048265+00,,469187439,3f5ca8b9-d920-4000-bf1e-b906d43c04a4,,,,,,,,,,,,,2026-01-19 15:34:45.048265+00
134,,,2026-01-19 15:34:45.048265,Jakov Selak,,NT,,,,,,,,,,,,,,Hrvatska,Snažan,,false,30,17,385060,15,,8,6,1,14,18,11,9,7,6,0,16,,Srednji vezni,portal_tracker,2026-01-19 15:34:45.048265+00,,465004986,3f5ca8b9-d920-4000-bf1e-b906d43c04a4,,,,,,,,,,,,,2026-01-19 15:34:45.048265+00
135,,,2026-01-19 15:34:45.048265,Jakša Gračanin,,NT,,,,,,,,,,,,,,Hrvatska,Nepredvidiv,,false,32,50,149950,11,,6,8,1,17,14,3,9,2,11,2,0,,Srednji branič,portal_tracker,2026-01-19 15:34:45.048265+00,,460600415,3f5ca8b9-d920-4000-bf1e-b906d43c04a4,,,,,,,,,,,,,2026-01-19 15:34:45.048265+00
136,,,2026-01-19 15:34:45.048265,Jan Majić,,NT,,,,,,,,,,,,,,Hrvatska,,,false,31,59,251340,12,,6,8,1,13,18,6,12,5,19,2,0,,Srednji vezni,portal_tracker,2026-01-19 15:34:45.048265+00,,461741884,3f5ca8b9-d920-4000-bf1e-b906d43c04a4,,,,,,,,,,,,,2026-01-19 15:34:45.048265+00
137,,,2026-01-19 15:34:45.048265,Jan Šaran,,NT,,,,,,,,,,,,,,Hrvatska,,2,false,31,91,155270,13,,4,8,1,16,9,16,10,3,6,12,10,,Bočni igrač,portal_tracker,2026-01-19 15:34:45.048265+00,,461301641,3f5ca8b9-d920-4000-bf1e-b906d43c04a4,,,,,,,,,,,,,2026-01-19 15:34:45.048265+00
138,,,2026-01-19 15:34:45.048265,Jerko Kornerović,,NT,,,,,,,,,,,,,,Hrvatska,Tehničar,,false,29,83,233970,8,,4,7,1,16,15,5,12,2,4,0,0,,Srednji branič,portal_tracker,2026-01-19 15:34:45.048265+00,,468709093,3f5ca8b9-d920-4000-bf1e-b906d43c04a4,,,,,,,,,,,,,2026-01-19 15:34:45.048265+00
139,,,2026-01-19 15:34:45.048265,Jonas Hartman,,NT,,,,,,,,,,,,,,Hrvatska,Snažan,,false,32,24,267930,16,,7,8,1,3,16,5,12,18,4,23,12,,Napadač,portal_tracker,2026-01-19 15:34:45.048265+00,,460438536,3f5ca8b9-d920-4000-bf1e-b906d43c04a4,,,,,,,,,,,,,2026-01-19 15:34:45.048265+00
140,,,2026-01-19 15:34:45.048265,Josip Škorput,,NT,,,,,,,,,,,,,,Hrvatska,,,false,33,4,181180,11,,6,8,1,14,17,4,12,3,15,0,0,,Srednji vezni,portal_tracker,2026-01-19 15:34:45.048265+00,,458495857,3f5ca8b9-d920-4000-bf1e-b906d43c04a4,,,,,,,,,,,,,2026-01-19 15:34:45.048265+00
141,,,2026-01-19 15:34:45.048265,Joško Ćosić,,NT,,,,,,,,,,,,,,Hrvatska,Snažan,,false,31,64,145950,9,,4,6,1,18,2,13,10,5,2,0,0,,Bočni igrač,portal_tracker,2026-01-19 15:34:45.048265+00,,461740641,3f5ca8b9-d920-4000-bf1e-b906d43c04a4,,,,,,,,,,,,,2026-01-19 15:34:45.048265+00
142,,,2026-01-19 15:34:45.048265,Jozo Hojka,,NT,,,,,,,,,,,,,,Hrvatska,Snažan,,false,30,61,403430,9,,7,6,1,16,14,17,7,2,1,5,1,,Bočni igrač,portal_tracker,2026-01-19 15:34:45.048265+00,,464514245,3f5ca8b9-d920-4000-bf1e-b906d43c04a4,,,,,,,,,,,,,2026-01-19 15:34:45.048265+00
143,,,2026-01-19 15:34:45.048265,Jozo Pigac,,NT,,,,,,,,,,,,,,Hrvatska,Igra glavom,,false,31,49,278890,11,,6,7,1,10,18,2,13,10,6,4,0,,Srednji vezni,portal_tracker,2026-01-19 15:34:45.048265+00,,461998744,3f5ca8b9-d920-4000-bf1e-b906d43c04a4,,,,,,,,,,,,,2026-01-19 15:34:45.048265+00
144,,,2026-01-19 15:34:45.048265,Jura Malvić,,NT,,,,,,,,,,,,,,Hrvatska,Brz,,false,31,104,275670,10,,6,7,1,5,16,16,13,7,13,0,6,,Krilo,portal_tracker,2026-01-19 15:34:45.048265+00,,460843313,3f5ca8b9-d920-4000-bf1e-b906d43c04a4,,,,,,,,,,,,,2026-01-19 15:34:45.048265+00
145,,,2026-01-19 15:34:45.048265,Jure Lenac,,NT,,,,,,,,,,,,,,Hrvatska,,,false,32,106,135200,14,,8,8,20,14,1,0,1,0,20,6,9,,Vratar,portal_tracker,2026-01-19 15:34:45.048265+00,,458676029,3f5ca8b9-d920-4000-bf1e-b906d43c04a4,,,,,,,,,,,,,2026-01-19 15:34:45.048265+00
146,,,2026-01-19 15:34:45.048265,Jurica 'Kamisar' Bencun,,NT,,,,,,,,,,,,,,Hrvatska,Tehničar,,false,34,111,33270,18,,6,5,0,9,17,5,12,8,12,11,10,,Srednji vezni,portal_tracker,2026-01-19 15:34:45.048265+00,,453293093,3f5ca8b9-d920-4000-bf1e-b906d43c04a4,,,,,,,,,,,,,2026-01-19 15:34:45.048265+00
147,,,2026-01-19 15:34:45.048265,Jurica Milošević,,NT,,,,,,,,,,,,,,Hrvatska,Igra glavom,,false,27,11,412820,9,,7,7,1,11,17,6,13,6,1,4,6,,Srednji vezni,portal_tracker,2026-01-19 15:34:45.048265+00,,473427839,3f5ca8b9-d920-4000-bf1e-b906d43c04a4,,,,,,,,,,,,,2026-01-19 15:34:45.048265+00
148,,,2026-01-19 15:34:45.048265,Klaudio Hadić,,NT,,,,,,,,,,,,,,Hrvatska,Brz,,false,33,89,83670,13,,6,7,1,16,11,14,9,2,10,1,0,,Bočni igrač,portal_tracker,2026-01-19 15:34:45.048265+00,,456635533,3f5ca8b9-d920-4000-bf1e-b906d43c04a4,,,,,,,,,,,,,2026-01-19 15:34:45.048265+00
149,,,2026-01-19 15:34:45.048265,Krešimir Orlović,,NT,,,,,,,,,,,,,,Hrvatska,,,false,31,41,106660,11,,6,6,18,14,3,1,2,1,20,0,6,,Vratar,portal_tracker,2026-01-19 15:34:45.048265+00,,462190320,3f5ca8b9-d920-4000-bf1e-b906d43c04a4,,,,,,,,,,,,,2026-01-19 15:34:45.048265+00
150,,,2026-01-19 15:34:45.048265,Kristijan Bobinac,,NT,,,,,,,,,,,,,,Hrvatska,Nepredvidiv,,false,30,24,322780,8,,7,7,1,5,12,15,10,16,9,0,0,,Napadač,portal_tracker,2026-01-19 15:34:45.048265+00,,465775900,3f5ca8b9-d920-4000-bf1e-b906d43c04a4,,,,,,,,,,,,,2026-01-19 15:34:45.048265+00
151,,,2026-01-19 15:34:45.048265,Krsto Telak,,NT,,,,,,,,,,,,,,Hrvatska,Nepredvidiv,,false,34,2,98510,13,,6,5,1,8,17,3,16,6,14,0,0,,Srednji vezni,portal_tracker,2026-01-19 15:34:45.048265+00,,456655714,3f5ca8b9-d920-4000-bf1e-b906d43c04a4,,,,,,,,,,,,,2026-01-19 15:34:45.048265+00
152,,,2026-01-19 15:34:45.048265,Krunoslav Mihelić,,NT,,,,,,,,,,,,,,Hrvatska,Nepredvidiv,,false,34,30,74340,14,,7,7,1,13,17,14,9,9,4,0,8,,Srednji vezni,portal_tracker,2026-01-19 15:34:45.048265+00,,455658476,3f5ca8b9-d920-4000-bf1e-b906d43c04a4,,,,,,,,,,,,,2026-01-19 15:34:45.048265+00
153,,,2026-01-19 15:34:45.048265,Leo Beusan,,NT,,,,,,,,,,,,,,Hrvatska,,,false,30,41,236600,9,,4,6,1,18,11,14,7,4,4,0,0,,Bočni igrač,portal_tracker,2026-01-19 15:34:45.048265+00,,464529984,3f5ca8b9-d920-4000-bf1e-b906d43c04a4,,,,,,,,,,,,,2026-01-19 15:34:45.048265+00
154,,,2026-01-19 15:34:45.048265,Leo Palikuća,,NT,,,,,,,,,,,,,,Hrvatska,Tehničar,,false,32,30,134800,10,,5,7,1,8,16,4,14,11,5,0,0,,Napadač,portal_tracker,2026-01-19 15:34:45.048265+00,,460414598,3f5ca8b9-d920-4000-bf1e-b906d43c04a4,,,,,,,,,,,,,2026-01-19 15:34:45.048265+00
155,,,2026-01-19 15:34:45.048265,Leo Penkala,,NT,,,,,,,,,,,,,,Hrvatska,Nepredvidiv,,false,28,28,295780,7,,4,7,1,11,15,17,9,8,5,3,0,,Krilo,portal_tracker,2026-01-19 15:34:45.048265+00,,471156723,3f5ca8b9-d920-4000-bf1e-b906d43c04a4,,,,,,,,,,,,,2026-01-19 15:34:45.048265+00
156,,,2026-01-19 15:34:45.048265,Leon Safundžić,,NT,,,,,,,,,,,,,,Hrvatska,Igra glavom,,false,32,45,149460,11,,6,8,1,16,15,2,11,4,9,3,0,,Srednji branič,portal_tracker,2026-01-19 15:34:45.048265+00,,460075243,3f5ca8b9-d920-4000-bf1e-b906d43c04a4,,,,,,,,,,,,,2026-01-19 15:34:45.048265+00
157,,,2026-01-19 15:34:45.048265,Lino Dangubić,,NT,,,,,,,,,,,,,,Hrvatska,,,false,33,28,84540,14,,5,7,1,14,12,15,11,4,5,0,6,,Bočni igrač,portal_tracker,2026-01-19 15:34:45.048265+00,,458140010,3f5ca8b9-d920-4000-bf1e-b906d43c04a4,,,,,,,,,,,,,2026-01-19 15:34:45.048265+00
158,,,2026-01-19 15:34:45.048265,Lino Markić,,NT,,,,,,,,,,,,,,Hrvatska,Tehničar,,false,33,35,117430,12,,6,8,1,3,14,6,16,13,12,0,0,,Napadač,portal_tracker,2026-01-19 15:34:45.048265+00,,458081670,3f5ca8b9-d920-4000-bf1e-b906d43c04a4,,,,,,,,,,,,,2026-01-19 15:34:45.048265+00
159,,,2026-01-19 15:34:45.048265,Lino Paprika,,NT,,,,,,,,,,,,,,Hrvatska,Snažan,,false,30,10,261580,9,,5,6,1,18,15,5,7,4,2,1,0,,Srednji branič,portal_tracker,2026-01-19 15:34:45.048265+00,,465050698,3f5ca8b9-d920-4000-bf1e-b906d43c04a4,,,,,,,,,,,,,2026-01-19 15:34:45.048265+00
160,,,2026-01-19 15:34:45.048265,Lino Šišara,,NT,,,,,,,,,,,,,,Hrvatska,Igra glavom,,false,30,80,326480,10,,8,8,1,16,16,2,10,3,4,0,0,,Srednji branič,portal_tracker,2026-01-19 15:34:45.048265+00,,463528146,3f5ca8b9-d920-4000-bf1e-b906d43c04a4,,,,,,,,,,,,,2026-01-19 15:34:45.048265+00
161,,,2026-01-19 15:34:45.048265,Lóránt Tabajdi,,NT,,,,,,,,,,,,,,Hrvatska,Nepredvidiv,,false,32,26,234270,9,,6,8,1,6,16,18,12,3,15,0,0,,Krilo,portal_tracker,2026-01-19 15:34:45.048265+00,,460422573,3f5ca8b9-d920-4000-bf1e-b906d43c04a4,,,,,,,,,,,,,2026-01-19 15:34:45.048265+00
162,,,2026-01-19 15:34:45.048265,Lovor 'Cevapcici' Počina,,NT,,,,,,,,,,,,,,Hrvatska,Nepredvidiv,,false,29,96,510290,11,,8,7,1,11,16,19,5,3,2,7,13,,Krilo,portal_tracker,2026-01-19 15:34:45.048265+00,,465772983,3f5ca8b9-d920-4000-bf1e-b906d43c04a4,,,,,,,,,,,,,2026-01-19 15:34:45.048265+00
163,,,2026-01-19 15:34:45.048265,Lovor Posavec,,NT,,,,,,,,,,,,,,Hrvatska,Tehničar,,false,32,60,117790,12,,8,6,1,17,10,6,11,3,13,0,0,,Srednji branič,portal_tracker,2026-01-19 15:34:45.048265+00,,459626915,3f5ca8b9-d920-4000-bf1e-b906d43c04a4,,,,,,,,,,,,,2026-01-19 15:34:45.048265+00
164,,,2026-01-19 15:34:45.048265,Luka Faris,,NT,,,,,,,,,,,,,,Hrvatska,Brz,,false,32,87,217020,13,,7,8,1,10,15,17,10,7,7,0,0,,Krilo,portal_tracker,2026-01-19 15:34:45.048265+00,,459302395,3f5ca8b9-d920-4000-bf1e-b906d43c04a4,,,,,,,,,,,,,2026-01-19 15:34:45.048265+00
165,,,2026-01-19 15:34:45.048265,Luka Garašić,,NT,,,,,,,,,,,,,,Hrvatska,Igra glavom,,false,33,28,143760,15,,8,8,1,17,16,2,10,3,15,27,9,,Srednji branič,portal_tracker,2026-01-19 15:34:45.048265+00,,458281527,3f5ca8b9-d920-4000-bf1e-b906d43c04a4,,,,,,,,,,,,,2026-01-19 15:34:45.048265+00
166,,,2026-01-19 15:34:45.048265,Ljudevit Kunić,,NT,,,,,,,,,,,,,,Hrvatska,Igra glavom,,false,32,100,171220,11,,7,8,1,11,17,13,10,2,8,0,0,,Srednji vezni,portal_tracker,2026-01-19 15:34:45.048265+00,,459214742,3f5ca8b9-d920-4000-bf1e-b906d43c04a4,,,,,,,,,,,,,2026-01-19 15:34:45.048265+00
167,,,2026-01-19 15:34:45.048265,Marcel Meštrović,,NT,,,,,,,,,,,,,,Hrvatska,Igra glavom,,false,33,97,142590,13,,8,7,1,10,18,14,9,4,5,0,0,,Srednji vezni,portal_tracker,2026-01-19 15:34:45.048265+00,,456532979,3f5ca8b9-d920-4000-bf1e-b906d43c04a4,,,,,,,,,,,,,2026-01-19 15:34:45.048265+00
168,,,2026-01-19 15:34:45.048265,Marcelo Jerković,,NT,,,,,,,,,,,,,,Hrvatska,Nepredvidiv,,false,27,51,377210,8,,7,7,1,16,10,15,9,4,4,0,1,,Bočni igrač,portal_tracker,2026-01-19 15:34:45.048265+00,,472826394,3f5ca8b9-d920-4000-bf1e-b906d43c04a4,,,,,,,,,,,,,2026-01-19 15:34:45.048265+00
169,,,2026-01-19 15:34:45.048265,Marijan Tičinović,,NT,,,,,,,,,,,,,,Hrvatska,Snažan,,false,33,33,126170,12,,6,8,2,15,17,4,11,5,15,0,0,,Srednji vezni,portal_tracker,2026-01-19 15:34:45.048265+00,,458047803,3f5ca8b9-d920-4000-bf1e-b906d43c04a4,,,,,,,,,,,,,2026-01-19 15:34:45.048265+00
170,,,2026-01-19 15:34:45.048265,Marin Hektorović,,NT,,,,,,,,,,,,,,Hrvatska,Tehničar,,false,34,76,40970,13,,5,5,1,13,17,2,12,5,4,0,0,,Srednji vezni,portal_tracker,2026-01-19 15:34:45.048265+00,,454594597,3f5ca8b9-d920-4000-bf1e-b906d43c04a4,,,,,,,,,,,,,2026-01-19 15:34:45.048265+00
171,,,2026-01-19 15:34:45.048265,Marin Liposinović,,NT,,,,,,,,,,,,,,Hrvatska,Igra glavom,,false,28,12,322840,9,,5,7,2,17,15,8,5,3,3,0,2,,Srednji branič,portal_tracker,2026-01-19 15:34:45.048265+00,,471385434,3f5ca8b9-d920-4000-bf1e-b906d43c04a4,,,,,,,,,,,,,2026-01-19 15:34:45.048265+00
172,,,2026-01-19 15:34:45.048265,Marin 'Veslač' Sinković,,NT,,,,,,,,,,,,,,Hrvatska,Brz,1,false,29,0,241830,10,,6,8,1,3,11,10,11,17,7,0,0,,Napadač,portal_tracker,2026-01-19 15:34:45.048265+00,,469185639,3f5ca8b9-d920-4000-bf1e-b906d43c04a4,,,,,,,,,,,,,2026-01-19 15:34:45.048265+00
173,,,2026-01-19 15:34:45.048265,Marin Vrančić,,NT,,,,,,,,,,,,,,Hrvatska,Nepredvidiv,,false,29,90,290300,8,,6,8,1,16,16,8,6,5,4,0,0,,Srednji branič,portal_tracker,2026-01-19 15:34:45.048265+00,,465849082,3f5ca8b9-d920-4000-bf1e-b906d43c04a4,,,,,,,,,,,,,2026-01-19 15:34:45.048265+00
174,,,2026-01-19 15:34:45.048265,Mario Bucić,,NT,,,,,,,,,,,,,,Hrvatska,Igra glavom,,false,31,46,236080,12,,6,8,1,12,18,10,11,2,12,0,0,,Srednji vezni,portal_tracker,2026-01-19 15:34:45.048265+00,,462055947,3f5ca8b9-d920-4000-bf1e-b906d43c04a4,,,,,,,,,,,,,2026-01-19 15:34:45.048265+00
175,,,2026-01-19 15:34:45.048265,Mario Kruljac,,NT,,,,,,,,,,,,,,Hrvatska,Nepredvidiv,,false,27,49,330650,9,,5,7,1,16,9,15,9,2,1,0,1,,Bočni igrač,portal_tracker,2026-01-19 15:34:45.048265+00,,472793936,3f5ca8b9-d920-4000-bf1e-b906d43c04a4,,,,,,,,,,,,,2026-01-19 15:34:45.048265+00
176,,,2026-01-19 15:34:45.048265,Mario 'Super Mario' Tanta,,NT,,,,,,,,,,,,,,Hrvatska,Tehničar,,false,32,9,269650,12,,8,8,1,3,14,6,17,14,12,0,0,,Napadač,portal_tracker,2026-01-19 15:34:45.048265+00,,460803900,3f5ca8b9-d920-4000-bf1e-b906d43c04a4,,,,,,,,,,,,,2026-01-19 15:34:45.048265+00
177,,,2026-01-19 15:34:45.048265,Marjan Potočnik,,NT,,,,,,,,,,,,,,Hrvatska,Igra glavom,,false,31,65,331320,13,,7,8,1,12,16,16,11,7,5,2,3,,Srednji vezni,portal_tracker,2026-01-19 15:34:45.048265+00,,461644868,3f5ca8b9-d920-4000-bf1e-b906d43c04a4,,,,,,,,,,,,,2026-01-19 15:34:45.048265+00
178,,,2026-01-19 15:34:45.048265,Marko Ažić,,NT,,,,,,,,,,,,,,Hrvatska,Brz,,false,29,24,361610,11,,6,7,1,3,13,8,11,18,2,6,20,,Napadač,portal_tracker,2026-01-19 15:34:45.048265+00,,468841487,3f5ca8b9-d920-4000-bf1e-b906d43c04a4,,,,,,,,,,,,,2026-01-19 15:34:45.048265+00
179,,,2026-01-19 15:34:45.048265,Marko Umrlić,,NT,,,,,,,,,,,,,,Hrvatska,Tehničar,,false,32,3,198980,11,,7,7,1,4,11,12,11,17,10,0,0,,Napadač,portal_tracker,2026-01-19 15:34:45.048265+00,,460706204,3f5ca8b9-d920-4000-bf1e-b906d43c04a4,,,,,,,,,,,,,2026-01-19 15:34:45.048265+00
180,,,2026-01-19 15:34:45.048265,Martin Furčić,,NT,,,,,,,,,,,,,,Hrvatska,Brz,,false,28,58,239040,10,,6,7,2,16,9,15,5,3,17,0,0,,Bočni igrač,portal_tracker,2026-01-19 15:34:45.048265+00,,470339070,3f5ca8b9-d920-4000-bf1e-b906d43c04a4,,,,,,,,,,,,,2026-01-19 15:34:45.048265+00
181,,,2026-01-19 15:34:45.048265,Mateo Kovačić,,NT,,,,,,,,,,,,,,Hrvatska,Igra glavom,,false,30,27,244590,10,,5,7,1,11,18,6,12,7,11,0,0,,Srednji vezni,portal_tracker,2026-01-19 15:34:45.048265+00,,464809666,3f5ca8b9-d920-4000-bf1e-b906d43c04a4,,,,,,,,,,,,,2026-01-19 15:34:45.048265+00
182,,,2026-01-19 15:34:45.048265,Mateo Piknjač,,NT,,,,,,,,,,,,,,Hrvatska,Brz,,false,35,22,45780,19,,5,5,1,10,15,16,12,4,14,25,0,,Krilo,portal_tracker,2026-01-19 15:34:45.048265+00,,452994307,3f5ca8b9-d920-4000-bf1e-b906d43c04a4,,,,,,,,,,,,,2026-01-19 15:34:45.048265+00
183,,,2026-01-19 15:34:45.048265,Mato Zrnčić,,NT,,,,,,,,,,,,,,Hrvatska,Snažan,,false,30,65,424760,16,,7,8,1,15,18,8,11,6,10,16,25,,Srednji vezni,portal_tracker,2026-01-19 15:34:45.048265+00,,463854575,3f5ca8b9-d920-4000-bf1e-b906d43c04a4,,,,,,,,,,,,,2026-01-19 15:34:45.048265+00
184,,,2026-01-19 15:34:45.048265,Mihael Kelečić,,NT,,,,,,,,,,,,,,Hrvatska,,,false,30,55,380590,13,,6,8,1,12,18,7,13,9,10,1,4,,Srednji vezni,portal_tracker,2026-01-19 15:34:45.048265+00,,463918183,3f5ca8b9-d920-4000-bf1e-b906d43c04a4,,,,,,,,,,,,,2026-01-19 15:34:45.048265+00
185,,,2026-01-19 15:34:45.048265,Miho Oljica,,NT,,,,,,,,,,,,,,Hrvatska,Igra glavom,,false,30,35,213080,10,,8,6,1,16,14,4,9,5,16,0,0,,Srednji branič,portal_tracker,2026-01-19 15:34:45.048265+00,,464846355,3f5ca8b9-d920-4000-bf1e-b906d43c04a4,,,,,,,,,,,,,2026-01-19 15:34:45.048265+00
186,,,2026-01-19 15:34:45.048265,Miho Palada,,NT,,,,,,,,,,,,,,Hrvatska,Nepredvidiv,,false,30,76,125290,9,,7,7,19,15,4,5,5,4,17,0,0,,Vratar,portal_tracker,2026-01-19 15:34:45.048265+00,,463881793,3f5ca8b9-d920-4000-bf1e-b906d43c04a4,,,,,,,,,,,,,2026-01-19 15:34:45.048265+00
187,,,2026-01-19 15:34:45.048265,Mijat Bogićević,,NT,,,,,,,,,,,,,,Hrvatska,,,false,32,81,227450,14,,6,8,1,13,18,2,13,7,10,6,0,,Srednji vezni,portal_tracker,2026-01-19 15:34:45.048265+00,,459333641,3f5ca8b9-d920-4000-bf1e-b906d43c04a4,,,,,,,,,,,,,2026-01-19 15:34:45.048265+00
188,,,2026-01-19 15:34:45.048265,Mijo Ban,,NT,,,,,,,,,,,,,,Hrvatska,Brz,,false,35,106,49370,27,,7,7,0,16,6,16,8,2,10,42,24,,Bočni igrač,portal_tracker,2026-01-19 15:34:45.048265+00,,450280884,3f5ca8b9-d920-4000-bf1e-b906d43c04a4,,,,,,,,,,,,,2026-01-19 15:34:45.048265+00
189,,,2026-01-19 15:34:45.048265,Mijo Crvelin,,NT,,,,,,,,,,,,,,Hrvatska,Nepredvidiv,,false,35,25,48350,18,,7,5,1,10,15,16,12,3,14,13,15,,Krilo,portal_tracker,2026-01-19 15:34:45.048265+00,,453256849,3f5ca8b9-d920-4000-bf1e-b906d43c04a4,,,,,,,,,,,,,2026-01-19 15:34:45.048265+00
190,,,2026-01-19 15:34:45.048265,Mijo Stanić,,NT,,,,,,,,,,,,,,Hrvatska,,,false,32,39,165120,13,,8,8,1,13,17,5,8,10,20,0,0,,Srednji vezni,portal_tracker,2026-01-19 15:34:45.048265+00,,460225495,3f5ca8b9-d920-4000-bf1e-b906d43c04a4,,,,,,,,,,,,,2026-01-19 15:34:45.048265+00
191,,,2026-01-19 15:34:45.048265,Milan Simić,,NT,,,,,,,,,,,,,,Hrvatska,Snažan,,false,31,44,322240,14,,6,8,1,14,19,5,10,8,9,15,16,,Srednji vezni,portal_tracker,2026-01-19 15:34:45.048265+00,,462104773,3f5ca8b9-d920-4000-bf1e-b906d43c04a4,,,,,,,,,,,,,2026-01-19 15:34:45.048265+00
192,,,2026-01-19 15:34:45.048265,Mile Jerković,,NT,,,,,,,,,,,,,,Hrvatska,Igra glavom,,false,33,36,140640,15,,7,8,1,10,15,17,11,6,16,0,18,,Krilo,portal_tracker,2026-01-19 15:34:45.048265+00,,457967991,3f5ca8b9-d920-4000-bf1e-b906d43c04a4,,,,,,,,,,,,,2026-01-19 15:34:45.048265+00
193,,,2026-01-19 15:34:45.048265,Miro Lozo,,NT,,,,,,,,,,,,,,Hrvatska,Brz,,false,31,101,163230,16,,6,8,1,16,8,15,8,5,18,1,1,,Bočni igrač,portal_tracker,2026-01-19 15:34:45.048265+00,,460876235,3f5ca8b9-d920-4000-bf1e-b906d43c04a4,,,,,,,,,,,,,2026-01-19 15:34:45.048265+00
194,,,2026-01-19 15:34:45.048265,Miroslav Oliva,,NT,,,,,,,,,,,,,,Hrvatska,Timski igrač,,false,28,87,429440,10,,7,7,1,17,16,5,8,3,1,0,0,,Srednji branič,portal_tracker,2026-01-19 15:34:45.048265+00,,469928944,3f5ca8b9-d920-4000-bf1e-b906d43c04a4,,,,,,,,,,,,,2026-01-19 15:34:45.048265+00
195,,,2026-01-19 15:34:45.048265,Mislav Bošnjak,,NT,,,,,,,,,,,,,,Hrvatska,Snažan,,false,31,42,235400,6,,7,7,1,16,16,3,11,4,9,1,0,,Srednji branič,portal_tracker,2026-01-19 15:34:45.048265+00,,462122905,3f5ca8b9-d920-4000-bf1e-b906d43c04a4,,,,,,,,,,,,,2026-01-19 15:34:45.048265+00
196,,,2026-01-19 15:34:45.048265,Mislav Kaleb,,NT,,,,,,,,,,,,,,Hrvatska,Snažan,,false,30,88,371960,8,,7,7,1,5,16,3,13,15,1,0,0,,Napadač,portal_tracker,2026-01-19 15:34:45.048265+00,,463439383,3f5ca8b9-d920-4000-bf1e-b906d43c04a4,,,,,,,,,,,,,2026-01-19 15:34:45.048265+00
197,,,2026-01-19 15:34:45.048265,Mišo Novičević,,NT,,,,,,,,,,,,,,Hrvatska,Snažan,,false,26,106,359010,8,,6,7,1,15,17,4,5,6,3,3,0,,Srednji branič,portal_tracker,2026-01-19 15:34:45.048265+00,,474158808,3f5ca8b9-d920-4000-bf1e-b906d43c04a4,,,,,,,,,,,,,2026-01-19 15:34:45.048265+00
198,,,2026-01-19 15:34:45.048265,Mladen Durbić,,NT,,,,,,,,,,,,,,Hrvatska,,,false,29,68,366380,8,,8,6,1,17,15,6,10,3,5,0,3,,Srednji branič,portal_tracker,2026-01-19 15:34:45.048265+00,,466104319,3f5ca8b9-d920-4000-bf1e-b906d43c04a4,,,,,,,,,,,,,2026-01-19 15:34:45.048265+00
199,,,2026-01-19 15:34:45.048265,Mladen Fabijan,,NT,,,,,,,,,,,,,,Hrvatska,Nepredvidiv,,false,33,80,117680,20,,7,7,1,17,15,3,8,5,16,41,8,,Srednji branič,portal_tracker,2026-01-19 15:34:45.048265+00,,456773464,3f5ca8b9-d920-4000-bf1e-b906d43c04a4,,,,,,,,,,,,,2026-01-19 15:34:45.048265+00
200,,,2026-01-19 15:34:45.048265,Mladen Jurin,,NT,,,,,,,,,,,,,,Hrvatska,Brz,,false,32,96,181010,11,,6,8,1,8,15,17,12,6,10,0,0,,Krilo,portal_tracker,2026-01-19 15:34:45.048265+00,,459299430,3f5ca8b9-d920-4000-bf1e-b906d43c04a4,,,,,,,,,,,,,2026-01-19 15:34:45.048265+00
201,,,2026-01-19 15:34:45.048265,Natko Kurtov,,NT,,,,,,,,,,,,,,Hrvatska,Igra glavom,,false,31,68,279380,11,,7,7,1,3,12,10,15,16,6,8,0,,Napadač,portal_tracker,2026-01-19 15:34:45.048265+00,,461587273,3f5ca8b9-d920-4000-bf1e-b906d43c04a4,,,,,,,,,,,,,2026-01-19 15:34:45.048265+00
202,,,2026-01-19 15:34:45.048265,Nediljko Honović,,NT,,,,,,,,,,,,,,Hrvatska,Nepredvidiv,,false,30,106,509120,15,,8,8,1,13,16,19,7,8,3,19,10,,Krilo,portal_tracker,2026-01-19 15:34:45.048265+00,,462931590,3f5ca8b9-d920-4000-bf1e-b906d43c04a4,,,,,,,,,,,,,2026-01-19 15:34:45.048265+00
203,,,2026-01-19 15:34:45.048265,Nedjeljko Bralić,,NT,,,,,,,,,,,,,,Hrvatska,Snažan,,false,28,103,443450,10,,7,6,1,15,18,3,9,4,4,0,3,,Srednji vezni,portal_tracker,2026-01-19 15:34:45.048265+00,,469312663,3f5ca8b9-d920-4000-bf1e-b906d43c04a4,,,,,,,,,,,,,2026-01-19 15:34:45.048265+00
204,,,2026-01-19 15:34:45.048265,Nedjeljko 'Gold Foot' Parać,,NT,,,,,,,,,,,,,,Hrvatska,Brz,,false,34,96,44260,15,,5,6,1,10,15,16,9,5,16,1,13,,Krilo,portal_tracker,2026-01-19 15:34:45.048265+00,,454154758,3f5ca8b9-d920-4000-bf1e-b906d43c04a4,,,,,,,,,,,,,2026-01-19 15:34:45.048265+00
205,,,2026-01-19 15:34:45.048265,Nenad Mažer,,NT,,,,,,,,,,,,,,Hrvatska,Nepredvidiv,2,false,32,46,128850,10,,8,6,1,3,15,3,13,16,7,0,0,,Napadač,portal_tracker,2026-01-19 15:34:45.048265+00,,460067103,3f5ca8b9-d920-4000-bf1e-b906d43c04a4,,,,,,,,,,,,,2026-01-19 15:34:45.048265+00
206,,,2026-01-19 15:34:45.048265,Neven Kalođera,,NT,,,,,,,,,,,,,,Hrvatska,Igra glavom,1,false,27,49,253720,9,,5,7,1,12,17,5,12,7,2,3,3,,Srednji vezni,portal_tracker,2026-01-19 15:34:45.048265+00,,472779236,3f5ca8b9-d920-4000-bf1e-b906d43c04a4,,,,,,,,,,,,,2026-01-19 15:34:45.048265+00
207,,,2026-01-19 15:34:45.048265,Neven Pederin,,NT,,,,,,,,,,,,,,Hrvatska,Snažan,,false,33,38,108770,12,,7,8,1,16,6,16,9,4,3,10,0,,Bočni igrač,portal_tracker,2026-01-19 15:34:45.048265+00,,457921293,3f5ca8b9-d920-4000-bf1e-b906d43c04a4,,,,,,,,,,,,,2026-01-19 15:34:45.048265+00
208,,,2026-01-19 15:34:45.048265,Neven Pejar,,NT,,,,,,,,,,,,,,Hrvatska,Igra glavom,1,false,33,18,114740,14,,5,6,1,12,18,3,15,5,3,7,4,,Srednji vezni,portal_tracker,2026-01-19 15:34:45.048265+00,,458421722,3f5ca8b9-d920-4000-bf1e-b906d43c04a4,,,,,,,,,,,,,2026-01-19 15:34:45.048265+00
209,,,2026-01-19 15:34:45.048265,Neven Sušenko,,NT,,,,,,,,,,,,,,Hrvatska,Nepredvidiv,,false,28,8,232500,8,,6,7,1,3,4,4,15,15,3,0,0,,Napadač,portal_tracker,2026-01-19 15:34:45.048265+00,,471424325,3f5ca8b9-d920-4000-bf1e-b906d43c04a4,,,,,,,,,,,,,2026-01-19 15:34:45.048265+00
210,,,2026-01-19 15:34:45.048265,Niko Strikoman,,NT,,,,,,,,,,,,,,Hrvatska,,,false,29,89,423330,12,,7,8,1,11,18,4,14,8,9,0,12,,Srednji vezni,portal_tracker,2026-01-19 15:34:45.048265+00,,465833884,3f5ca8b9-d920-4000-bf1e-b906d43c04a4,,,,,,,,,,,,,2026-01-19 15:34:45.048265+00
211,,,2026-01-19 15:34:45.048265,Nikola Peteh,,NT,,,,,,,,,,,,,,Hrvatska,,,false,34,98,35200,15,,6,6,1,15,10,13,11,1,11,0,9,,Bočni igrač,portal_tracker,2026-01-19 15:34:45.048265+00,,453634103,3f5ca8b9-d920-4000-bf1e-b906d43c04a4,,,,,,,,,,,,,2026-01-19 15:34:45.048265+00
212,,,2026-01-19 15:34:45.048265,Nikola Steković,,NT,,,,,,,,,,,,,,Hrvatska,Brz,,false,32,54,112130,10,,6,6,1,18,13,5,7,2,5,0,0,,Srednji branič,portal_tracker,2026-01-19 15:34:45.048265+00,,461754333,3f5ca8b9-d920-4000-bf1e-b906d43c04a4,,,,,,,,,,,,,2026-01-19 15:34:45.048265+00
213,,,2026-01-19 15:34:45.048265,Nino Gržan,,NT,,,,,,,,,,,,,,Hrvatska,Snažan,,false,30,62,323480,11,,4,8,1,17,11,6,16,3,2,0,5,,Srednji branič,portal_tracker,2026-01-19 15:34:45.048265+00,,463832192,3f5ca8b9-d920-4000-bf1e-b906d43c04a4,,,,,,,,,,,,,2026-01-19 15:34:45.048265+00
214,,,2026-01-19 15:34:45.048265,Noa Cakarun,,NT,,,,,,,,,,,,,,Hrvatska,Brz,,false,31,105,201760,15,,7,8,1,17,10,14,7,2,14,12,0,,Bočni igrač,portal_tracker,2026-01-19 15:34:45.048265+00,,462826078,3f5ca8b9-d920-4000-bf1e-b906d43c04a4,,,,,,,,,,,,,2026-01-19 15:34:45.048265+00
215,,,2026-01-19 15:34:45.048265,Nolan 'Lolo' Pekić,,NT,,,,,,,,,,,,,,Hrvatska,Brz,,false,32,12,192360,10,,7,7,1,10,16,17,9,4,6,0,3,,Krilo,portal_tracker,2026-01-19 15:34:45.048265+00,,460618245,3f5ca8b9-d920-4000-bf1e-b906d43c04a4,,,,,,,,,,,,,2026-01-19 15:34:45.048265+00
216,,,2026-01-19 15:34:45.048265,Nolan Saša,,NT,,,,,,,,,,,,,,Hrvatska,Igra glavom,,false,33,63,110230,15,,7,8,1,10,15,15,12,2,15,0,1,,Krilo,portal_tracker,2026-01-19 15:34:45.048265+00,,458177991,3f5ca8b9-d920-4000-bf1e-b906d43c04a4,,,,,,,,,,,,,2026-01-19 15:34:45.048265+00
217,,,2026-01-19 15:34:45.048265,Nolen Dolenc,,NT,,,,,,,,,,,,,,Hrvatska,Igra glavom,,false,36,27,28060,17,,7,6,0,17,4,13,2,0,19,10,12,,Bočni igrač,portal_tracker,2026-01-19 15:34:45.048265+00,,450082654,3f5ca8b9-d920-4000-bf1e-b906d43c04a4,,,,,,,,,,,,,2026-01-19 15:34:45.048265+00
218,,,2026-01-19 15:34:45.048265,Nolen Kralj,,NT,,,,,,,,,,,,,,Hrvatska,Brz,,false,32,4,283060,12,,8,7,1,3,12,14,11,17,2,2,8,,Napadač,portal_tracker,2026-01-19 15:34:45.048265+00,,460698013,3f5ca8b9-d920-4000-bf1e-b906d43c04a4,,,,,,,,,,,,,2026-01-19 15:34:45.048265+00
219,,,2026-01-19 15:34:45.048265,Nolen 'Crocop' Lisac,,NT,,,,,,,,,,,,,,Hrvatska,Igra glavom,1,false,33,29,72290,12,,7,6,1,11,17,3,9,9,20,0,0,,Srednji vezni,portal_tracker,2026-01-19 15:34:45.048265+00,,458118368,3f5ca8b9-d920-4000-bf1e-b906d43c04a4,,,,,,,,,,,,,2026-01-19 15:34:45.048265+00
220,,,2026-01-19 15:34:45.048265,Oleg Duka,,NT,,,,,,,,,,,,,,Hrvatska,Brz,,false,31,52,172980,11,,5,8,1,15,11,15,8,3,6,4,0,,Bočni igrač,portal_tracker,2026-01-19 15:34:45.048265+00,,461793118,3f5ca8b9-d920-4000-bf1e-b906d43c04a4,,,,,,,,,,,,,2026-01-19 15:34:45.048265+00
221,,,2026-01-19 15:34:45.048265,Oleg Kraljević,,NT,,,,,,,,,,,,,,Hrvatska,,,false,31,77,134410,12,,7,8,19,15,2,1,0,0,22,3,22,,Vratar,portal_tracker,2026-01-19 15:34:45.048265+00,,461474002,3f5ca8b9-d920-4000-bf1e-b906d43c04a4,,,,,,,,,,,,,2026-01-19 15:34:45.048265+00
222,,,2026-01-19 15:34:45.048265,Oliver Murk,,NT,,,,,,,,,,,,,,Hrvatska,Nepredvidiv,,false,31,69,188410,13,,6,7,1,5,12,5,13,16,3,0,8,,Napadač,portal_tracker,2026-01-19 15:34:45.048265+00,,461574682,3f5ca8b9-d920-4000-bf1e-b906d43c04a4,,,,,,,,,,,,,2026-01-19 15:34:45.048265+00
223,,,2026-01-19 15:34:45.048265,Pavle Staničić,,NT,,,,,,,,,,,,,,Hrvatska,Tehničar,,false,35,12,52270,15,,8,5,1,9,15,16,12,4,14,9,0,,Krilo,portal_tracker,2026-01-19 15:34:45.048265+00,,453117789,3f5ca8b9-d920-4000-bf1e-b906d43c04a4,,,,,,,,,,,,,2026-01-19 15:34:45.048265+00
224,,,2026-01-19 15:34:45.048265,Perica Preobraženski,,NT,,,,,,,,,,,,,,Hrvatska,,,false,34,66,43640,13,,5,6,0,10,17,6,14,3,13,0,0,,Srednji vezni,portal_tracker,2026-01-19 15:34:45.048265+00,,454605115,3f5ca8b9-d920-4000-bf1e-b906d43c04a4,,,,,,,,,,,,,2026-01-19 15:34:45.048265+00
225,,,2026-01-19 15:34:45.048265,Pero Balić,,NT,,,,,,,,,,,,,,Hrvatska,Nepredvidiv,,false,33,68,166130,13,,7,8,1,11,16,17,10,7,4,0,2,,Krilo,portal_tracker,2026-01-19 15:34:45.048265+00,,456912816,3f5ca8b9-d920-4000-bf1e-b906d43c04a4,,,,,,,,,,,,,2026-01-19 15:34:45.048265+00
226,,,2026-01-19 15:34:45.048265,Pero Reić,,NT,,,,,,,,,,,,,,Hrvatska,Nepredvidiv,,false,29,16,194270,9,,5,7,1,16,5,15,10,4,5,0,1,,Bočni igrač,portal_tracker,2026-01-19 15:34:45.048265+00,,469078379,3f5ca8b9-d920-4000-bf1e-b906d43c04a4,,,,,,,,,,,,,2026-01-19 15:34:45.048265+00
227,,,2026-01-19 15:34:45.048265,Ratko Ciliga,,NT,,,,,,,,,,,,,,Hrvatska,Igra glavom,,false,30,111,350980,12,,7,7,1,12,19,6,11,4,3,9,0,,Srednji vezni,portal_tracker,2026-01-19 15:34:45.048265+00,,462868090,3f5ca8b9-d920-4000-bf1e-b906d43c04a4,,,,,,,,,,,,,2026-01-19 15:34:45.048265+00
228,,,2026-01-19 15:34:45.048265,Ratko Saratlija,,NT,,,,,,,,,,,,,,Hrvatska,Igra glavom,,false,34,24,38990,14,,6,6,1,2,11,15,10,15,13,1,7,,Napadač,portal_tracker,2026-01-19 15:34:45.048265+00,,455670171,3f5ca8b9-d920-4000-bf1e-b906d43c04a4,,,,,,,,,,,,,2026-01-19 15:34:45.048265+00
229,,,2026-01-19 15:34:45.048265,Ratko Stakić,,NT,,,,,,,,,,,,,,Hrvatska,,,false,32,15,257520,14,,8,8,1,17,9,16,12,4,8,16,0,,Bočni igrač,portal_tracker,2026-01-19 15:34:45.048265+00,,460587455,3f5ca8b9-d920-4000-bf1e-b906d43c04a4,,,,,,,,,,,,,2026-01-19 15:34:45.048265+00
230,,,2026-01-19 15:34:45.048265,Renato Čohilj,,NT,,,,,,,,,,,,,,Hrvatska,Nepredvidiv,,false,27,7,448490,10,,8,7,1,3,11,7,12,18,3,0,13,,Napadač,portal_tracker,2026-01-19 15:34:45.048265+00,,473509786,3f5ca8b9-d920-4000-bf1e-b906d43c04a4,,,,,,,,,,,,,2026-01-19 15:34:45.048265+00
231,,,2026-01-19 15:34:45.048265,Renato Skoko,,NT,,,,,,,,,,,,,,Hrvatska,Igra glavom,,false,32,91,264650,14,,7,7,1,15,16,5,15,3,3,1,8,,Srednji branič,portal_tracker,2026-01-19 15:34:45.048265+00,,459219055,3f5ca8b9-d920-4000-bf1e-b906d43c04a4,,,,,,,,,,,,,2026-01-19 15:34:45.048265+00
232,,,2026-01-19 15:34:45.048265,Renato Šeat,,NT,,,,,,,,,,,,,,Hrvatska,Brz,,false,32,62,171190,11,,6,8,1,5,10,10,13,17,12,8,0,,Napadač,portal_tracker,2026-01-19 15:34:45.048265+00,,459600485,3f5ca8b9-d920-4000-bf1e-b906d43c04a4,,,,,,,,,,,,,2026-01-19 15:34:45.048265+00
233,,,2026-01-19 15:34:45.048265,Robin Omerzel,,NT,,,,,,,,,,,,,,Hrvatska,Brz,,false,29,105,260040,7,,5,7,1,4,6,3,14,18,4,0,0,,Napadač,portal_tracker,2026-01-19 15:34:45.048265+00,,466068493,3f5ca8b9-d920-4000-bf1e-b906d43c04a4,,,,,,,,,,,,,2026-01-19 15:34:45.048265+00
234,,,2026-01-19 15:34:45.048265,Roko Dabčević,,NT,,,,,,,,,,,,,,Hrvatska,Brz,,false,34,19,62040,18,,5,7,1,3,14,8,16,14,3,0,7,,Napadač,portal_tracker,2026-01-19 15:34:45.048265+00,,455754803,3f5ca8b9-d920-4000-bf1e-b906d43c04a4,,,,,,,,,,,,,2026-01-19 15:34:45.048265+00
235,,,2026-01-19 15:34:45.048265,Ronald Okoš,,NT,,,,,,,,,,,,,,Hrvatska,Snažan,,false,30,54,267710,14,,7,8,1,16,10,15,10,4,8,0,10,,Bočni igrač,portal_tracker,2026-01-19 15:34:45.048265+00,,464022563,3f5ca8b9-d920-4000-bf1e-b906d43c04a4,,,,,,,,,,,,,2026-01-19 15:34:45.048265+00
236,,,2026-01-19 15:34:45.048265,Rudi Rapić,,NT,,,,,,,,,,,,,,Hrvatska,Igra glavom,,false,36,19,33020,24,,8,5,0,10,17,2,12,5,14,27,27,,Srednji vezni,portal_tracker,2026-01-19 15:34:45.048265+00,,449877579,3f5ca8b9-d920-4000-bf1e-b906d43c04a4,,,,,,,,,,,,,2026-01-19 15:34:45.048265+00
237,,,2026-01-19 15:34:45.048265,Rudolf Glavić,,NT,,,,,,,,,,,,,,Hrvatska,Nepredvidiv,,false,28,66,295180,9,,7,6,1,16,9,16,4,4,13,0,0,,Bočni igrač,portal_tracker,2026-01-19 15:34:45.048265+00,,470253947,3f5ca8b9-d920-4000-bf1e-b906d43c04a4,,,,,,,,,,,,,2026-01-19 15:34:45.048265+00
238,,,2026-01-19 15:34:45.048265,Rudolf Lulić,,NT,,,,,,,,,,,,,,Hrvatska,Brz,,false,29,86,445620,12,,6,7,1,12,15,18,7,8,1,8,21,,Krilo,portal_tracker,2026-01-19 15:34:45.048265+00,,465946398,3f5ca8b9-d920-4000-bf1e-b906d43c04a4,,,,,,,,,,,,,2026-01-19 15:34:45.048265+00
239,,,2026-01-19 15:34:45.048265,Rudolf Rubeša,,NT,,,,,,,,,,,,,,Hrvatska,Snažan,,false,29,85,350730,9,,8,8,1,4,9,4,15,16,6,0,0,,Napadač,portal_tracker,2026-01-19 15:34:45.048265+00,,465896052,3f5ca8b9-d920-4000-bf1e-b906d43c04a4,,,,,,,,,,,,,2026-01-19 15:34:45.048265+00
240,,,2026-01-19 15:34:45.048265,Samuel Jukić,,NT,,,,,,,,,,,,,,Hrvatska,,,false,28,87,396770,8,,6,6,1,17,10,15,11,3,1,0,0,,Bočni igrač,portal_tracker,2026-01-19 15:34:45.048265+00,,469926146,3f5ca8b9-d920-4000-bf1e-b906d43c04a4,,,,,,,,,,,,,2026-01-19 15:34:45.048265+00
241,,,2026-01-19 15:34:45.048265,Samuel 'Petrarka' Patriarka,,NT,,,,,,,,,,,,,,Hrvatska,,,false,27,107,533930,13,,8,8,1,17,10,16,8,3,8,4,17,,Bočni igrač,portal_tracker,2026-01-19 15:34:45.048265+00,,471610924,3f5ca8b9-d920-4000-bf1e-b906d43c04a4,,,,,,,,,,,,,2026-01-19 15:34:45.048265+00
242,,,2026-01-19 15:34:45.048265,Sandro Bačak,,NT,,,,,,,,,,,,,,Hrvatska,Brz,,false,31,63,270890,10,,7,8,1,11,18,3,12,7,14,2,6,,Srednji vezni,portal_tracker,2026-01-19 15:34:45.048265+00,,461650747,3f5ca8b9-d920-4000-bf1e-b906d43c04a4,,,,,,,,,,,,,2026-01-19 15:34:45.048265+00
243,,,2026-01-19 15:34:45.048265,Sandro Sencar,,NT,,,,,,,,,,,,,,Hrvatska,Nepredvidiv,,false,36,29,34230,28,,7,6,0,11,16,1,12,7,16,48,24,,Srednji vezni,portal_tracker,2026-01-19 15:34:45.048265+00,,449731903,3f5ca8b9-d920-4000-bf1e-b906d43c04a4,,,,,,,,,,,,,2026-01-19 15:34:45.048265+00
244,,,2026-01-19 15:34:45.048265,Saša Ćosić,,NT,,,,,,,,,,,,,,Hrvatska,,,false,33,63,90340,12,,6,7,1,11,17,4,10,8,14,0,0,,Srednji vezni,portal_tracker,2026-01-19 15:34:45.048265+00,,456971568,3f5ca8b9-d920-4000-bf1e-b906d43c04a4,,,,,,,,,,,,,2026-01-19 15:34:45.048265+00
245,,,2026-01-19 15:34:45.048265,Saša Skejić,,NT,,,,,,,,,,,,,,Hrvatska,Brz,,false,30,102,310030,12,,8,6,1,17,15,3,9,6,1,7,0,,Srednji branič,portal_tracker,2026-01-19 15:34:45.048265+00,,463784545,3f5ca8b9-d920-4000-bf1e-b906d43c04a4,,,,,,,,,,,,,2026-01-19 15:34:45.048265+00
246,,,2026-01-19 15:34:45.048265,Silvio Orlovac,,NT,,,,,,,,,,,,,,Hrvatska,Brz,,false,29,29,392270,11,,5,8,1,8,16,17,9,7,1,6,8,,Krilo,portal_tracker,2026-01-19 15:34:45.048265+00,,468712322,3f5ca8b9-d920-4000-bf1e-b906d43c04a4,,,,,,,,,,,,,2026-01-19 15:34:45.048265+00
247,,,2026-01-19 15:34:45.048265,Siniša Porenta,,NT,,,,,,,,,,,,,,Hrvatska,Igra glavom,,false,32,84,168170,9,,7,6,1,18,14,9,8,3,2,0,0,,Srednji branič,portal_tracker,2026-01-19 15:34:45.048265+00,,459626635,3f5ca8b9-d920-4000-bf1e-b906d43c04a4,,,,,,,,,,,,,2026-01-19 15:34:45.048265+00
248,,,2026-01-19 15:34:45.048265,Slaven Isaković,,NT,,,,,,,,,,,,,,Hrvatska,Igra glavom,,false,32,0,154700,8,,7,7,1,15,8,16,3,2,2,0,0,,Bočni igrač,portal_tracker,2026-01-19 15:34:45.048265+00,,460883374,3f5ca8b9-d920-4000-bf1e-b906d43c04a4,,,,,,,,,,,,,2026-01-19 15:34:45.048265+00
249,,,2026-01-19 15:34:45.048265,Slaven 'Skala' Mirković,,NT,,,,,,,,,,,,,,Hrvatska,Brz,,false,31,103,310840,15,,6,8,1,10,16,17,10,5,11,2,16,,Krilo,portal_tracker,2026-01-19 15:34:45.048265+00,,460856862,3f5ca8b9-d920-4000-bf1e-b906d43c04a4,,,,,,,,,,,,,2026-01-19 15:34:45.048265+00
250,,,2026-01-19 15:34:45.048265,Slaven Surjan,,NT,,,,,,,,,,,,,,Hrvatska,Snažan,,false,29,61,385830,8,,8,6,2,4,16,5,10,17,3,0,0,,Napadač,portal_tracker,2026-01-19 15:34:45.048265+00,,466192879,3f5ca8b9-d920-4000-bf1e-b906d43c04a4,,,,,,,,,,,,,2026-01-19 15:34:45.048265+00
251,,,2026-01-19 15:34:45.048265,Stanko 'Sarma' Gregorić,,NT,,,,,,,,,,,,,,Hrvatska,Nepredvidiv,,false,33,10,117080,15,,7,8,2,11,18,5,11,8,12,10,0,,Srednji vezni,portal_tracker,2026-01-19 15:34:45.048265+00,,458397902,3f5ca8b9-d920-4000-bf1e-b906d43c04a4,,,,,,,,,,,,,2026-01-19 15:34:45.048265+00
252,,,2026-01-19 15:34:45.048265,Stanko Peranović,,NT,,,,,,,,,,,,,,Hrvatska,Snažan,,false,33,22,115990,11,,6,8,1,13,17,13,9,1,7,0,0,,Srednji vezni,portal_tracker,2026-01-19 15:34:45.048265+00,,458227299,3f5ca8b9-d920-4000-bf1e-b906d43c04a4,,,,,,,,,,,,,2026-01-19 15:34:45.048265+00
253,,,2026-01-19 15:34:45.048265,Stanko Selihar,,NT,,,,,,,,,,,,,,Hrvatska,Brz,,false,36,41,28750,27,,6,6,0,10,16,2,11,6,17,36,25,,Srednji vezni,portal_tracker,2026-01-19 15:34:45.048265+00,,449418479,3f5ca8b9-d920-4000-bf1e-b906d43c04a4,,,,,,,,,,,,,2026-01-19 15:34:45.048265+00
254,,,2026-01-19 15:34:45.048265,Stipo 'Pepito' Ferić,,NT,,,,,,,,,,,,,,Hrvatska,Nepredvidiv,,false,29,104,447290,11,,7,8,1,9,18,6,10,14,9,0,8,,Napadač,portal_tracker,2026-01-19 15:34:45.048265+00,,465301558,3f5ca8b9-d920-4000-bf1e-b906d43c04a4,,,,,,,,,,,,,2026-01-19 15:34:45.048265+00
255,,,2026-01-19 15:34:45.048265,Stipo Herceg,,NT,,,,,,,,,,,,,,Hrvatska,Nepredvidiv,,false,32,106,281190,15,,7,6,1,7,15,2,16,16,2,0,11,,Napadač,portal_tracker,2026-01-19 15:34:45.048265+00,,458655753,3f5ca8b9-d920-4000-bf1e-b906d43c04a4,,,,,,,,,,,,,2026-01-19 15:34:45.048265+00
256,,,2026-01-19 15:34:45.048265,Stjepan Zeljko,,NT,,,,,,,,,,,,,,Hrvatska,,,false,31,55,236750,10,,4,7,1,11,18,3,12,12,9,1,0,,Srednji vezni,portal_tracker,2026-01-19 15:34:45.048265+00,,461752355,3f5ca8b9-d920-4000-bf1e-b906d43c04a4,,,,,,,,,,,,,2026-01-19 15:34:45.048265+00
257,,,2026-01-19 15:34:45.048265,Sven Džindo,,NT,,,,,,,,,,,,,,Hrvatska,Nepredvidiv,,false,30,73,308670,10,,8,6,1,17,9,6,15,3,7,0,13,,Srednji branič,portal_tracker,2026-01-19 15:34:45.048265+00,,463665337,3f5ca8b9-d920-4000-bf1e-b906d43c04a4,,,,,,,,,,,,,2026-01-19 15:34:45.048265+00
258,,,2026-01-19 15:34:45.048265,Sven Juravić,,NT,,,,,,,,,,,,,,Hrvatska,Tehničar,,false,30,91,333930,12,,5,7,1,10,17,17,11,7,1,0,0,,Krilo,portal_tracker,2026-01-19 15:34:45.048265+00,,463400388,3f5ca8b9-d920-4000-bf1e-b906d43c04a4,,,,,,,,,,,,,2026-01-19 15:34:45.048265+00
259,,,2026-01-19 15:34:45.048265,Sven Piglić,,NT,,,,,,,,,,,,,,Hrvatska,Brz,,false,32,104,190310,10,,8,6,1,6,17,17,10,5,8,0,0,,Krilo,portal_tracker,2026-01-19 15:34:45.048265+00,,458671487,3f5ca8b9-d920-4000-bf1e-b906d43c04a4,,,,,,,,,,,,,2026-01-19 15:34:45.048265+00
260,,,2026-01-19 15:34:45.048265,Šimun Kalabrić,,NT,,,,,,,,,,,,,,Hrvatska,Timski igrač,,false,34,18,36410,11,,5,6,1,11,17,4,11,4,6,0,0,,Srednji vezni,portal_tracker,2026-01-19 15:34:45.048265+00,,456009044,3f5ca8b9-d920-4000-bf1e-b906d43c04a4,,,,,,,,,,,,,2026-01-19 15:34:45.048265+00
261,,,2026-01-19 15:34:45.048265,Šimun Petrić,,NT,,,,,,,,,,,,,,Hrvatska,Brz,,false,34,9,40340,13,,7,7,0,11,17,4,10,9,14,0,0,,Srednji vezni,portal_tracker,2026-01-19 15:34:45.048265+00,,455869647,3f5ca8b9-d920-4000-bf1e-b906d43c04a4,,,,,,,,,,,,,2026-01-19 15:34:45.048265+00
262,,,2026-01-19 15:34:45.048265,Šimun Radman,,NT,,,,,,,,,,,,,,Hrvatska,Nepredvidiv,,false,28,42,220600,7,,6,6,1,4,5,5,14,16,8,0,0,,Napadač,portal_tracker,2026-01-19 15:34:45.048265+00,,470854854,3f5ca8b9-d920-4000-bf1e-b906d43c04a4,,,,,,,,,,,,,2026-01-19 15:34:45.048265+00
263,,,2026-01-19 15:34:45.048265,Šimun Strikoman,,NT,,,,,,,,,,,,,,Hrvatska,Igra glavom,,false,33,85,139530,14,,7,7,1,7,16,17,11,5,12,4,6,,Krilo,portal_tracker,2026-01-19 15:34:45.048265+00,,456705642,3f5ca8b9-d920-4000-bf1e-b906d43c04a4,,,,,,,,,,,,,2026-01-19 15:34:45.048265+00
264,,,2026-01-19 15:34:45.048265,Šimun Šuker,,NT,,,,,,,,,,,,,,Hrvatska,Nepredvidiv,1,false,32,84,107420,18,,7,7,20,16,3,4,3,2,22,35,0,,Vratar,portal_tracker,2026-01-19 15:34:45.048265+00,,459307583,3f5ca8b9-d920-4000-bf1e-b906d43c04a4,,,,,,,,,,,,,2026-01-19 15:34:45.048265+00
265,,,2026-01-19 15:34:45.048265,Toma Plavčić,,NT,,,,,,,,,,,,,,Hrvatska,,,false,31,10,233280,11,,5,8,1,11,17,5,13,10,11,0,0,,Srednji vezni,portal_tracker,2026-01-19 15:34:45.048265+00,,462744718,3f5ca8b9-d920-4000-bf1e-b906d43c04a4,,,,,,,,,,,,,2026-01-19 15:34:45.048265+00
266,,,2026-01-19 15:34:45.048265,Toma Smirčić,,NT,,,,,,,,,,,,,,Hrvatska,Brz,,false,30,0,462540,10,,8,8,1,9,18,3,13,10,5,1,0,,Srednji vezni,portal_tracker,2026-01-19 15:34:45.048265+00,,465194284,3f5ca8b9-d920-4000-bf1e-b906d43c04a4,,,,,,,,,,,,,2026-01-19 15:34:45.048265+00
267,,,2026-01-19 15:34:45.048265,Tome Šeks,,NT,,,,,,,,,,,,,,Hrvatska,Tehničar,,false,27,60,484450,12,,7,8,1,16,10,15,8,3,8,0,13,,Bočni igrač,portal_tracker,2026-01-19 15:34:45.048265+00,,472440179,3f5ca8b9-d920-4000-bf1e-b906d43c04a4,,,,,,,,,,,,,2026-01-19 15:34:45.048265+00
268,,,2026-01-19 15:34:45.048265,Tomislav Njavro,,NT,,,,,,,,,,,,,,Hrvatska,Brz,,false,30,53,431210,11,,8,7,1,11,15,18,9,8,2,3,0,,Krilo,portal_tracker,2026-01-19 15:34:45.048265+00,,463937642,3f5ca8b9-d920-4000-bf1e-b906d43c04a4,,,,,,,,,,,,,2026-01-19 15:34:45.048265+00
269,,,2026-01-19 15:34:45.048265,Tomo Škorlić,,NT,,,,,,,,,,,,,,Hrvatska,,,false,31,88,307890,11,,7,7,1,14,17,2,13,4,4,0,0,,Srednji vezni,portal_tracker,2026-01-19 15:34:45.048265+00,,461322133,3f5ca8b9-d920-4000-bf1e-b906d43c04a4,,,,,,,,,,,,,2026-01-19 15:34:45.048265+00
270,,,2026-01-19 15:34:45.048265,Toni Maričić,,NT,,,,,,,,,,,,,,Hrvatska,Tehničar,,false,27,6,481820,8,,8,7,1,2,13,6,15,15,4,3,4,,Napadač,portal_tracker,2026-01-19 15:34:45.048265+00,,473506038,3f5ca8b9-d920-4000-bf1e-b906d43c04a4,,,,,,,,,,,,,2026-01-19 15:34:45.048265+00
271,,,2026-01-19 15:34:45.048265,Tvrtko Pešun,,NT,,,,,,,,,,,,,,Hrvatska,Snažan,,false,35,92,37380,20,,7,5,1,2,13,11,11,15,4,44,3,,Napadač,portal_tracker,2026-01-19 15:34:45.048265+00,,450847899,3f5ca8b9-d920-4000-bf1e-b906d43c04a4,,,,,,,,,,,,,2026-01-19 15:34:45.048265+00
272,,,2026-01-19 15:34:45.048265,Tvrtko Pinčić,,NT,,,,,,,,,,,,,,Hrvatska,,,false,29,35,277170,8,,6,7,1,16,2,16,10,5,2,0,0,,Bočni igrač,portal_tracker,2026-01-19 15:34:45.048265+00,,468598950,3f5ca8b9-d920-4000-bf1e-b906d43c04a4,,,,,,,,,,,,,2026-01-19 15:34:45.048265+00
273,,,2026-01-19 15:34:45.048265,Tvrtko Sekereš,,NT,,,,,,,,,,,,,,Hrvatska,Igra glavom,,false,32,13,100500,13,,7,8,1,12,16,3,6,10,21,0,0,,Srednji vezni,portal_tracker,2026-01-19 15:34:45.048265+00,,460727626,3f5ca8b9-d920-4000-bf1e-b906d43c04a4,,,,,,,,,,,,,2026-01-19 15:34:45.048265+00
274,,,2026-01-19 15:34:45.048265,Tvrtko Šen,,NT,,,,,,,,,,,,,,Hrvatska,Igra glavom,,false,30,51,393920,11,,8,6,1,16,13,17,4,2,4,3,13,,Bočni igrač,portal_tracker,2026-01-19 15:34:45.048265+00,,463981062,3f5ca8b9-d920-4000-bf1e-b906d43c04a4,,,,,,,,,,,,,2026-01-19 15:34:45.048265+00
275,,,2026-01-19 15:34:45.048265,Valentin Ožaković,,NT,,,,,,,,,,,,,,Hrvatska,,,false,32,54,182460,11,,7,5,1,12,18,4,10,10,5,0,0,,Srednji vezni,portal_tracker,2026-01-19 15:34:45.048265+00,,459738580,3f5ca8b9-d920-4000-bf1e-b906d43c04a4,,,,,,,,,,,,,2026-01-19 15:34:45.048265+00
276,,,2026-01-19 15:34:45.048265,Valentin Rudić,,NT,,,,,,,,,,,,,,Hrvatska,Igra glavom,,false,34,1,99380,13,,6,8,1,14,13,16,6,1,12,0,0,,Krilo,portal_tracker,2026-01-19 15:34:45.048265+00,,456037898,3f5ca8b9-d920-4000-bf1e-b906d43c04a4,,,,,,,,,,,,,2026-01-19 15:34:45.048265+00
277,,,2026-01-19 15:34:45.048265,Valter Tica,,NT,,,,,,,,,,,,,,Hrvatska,Igra glavom,,false,33,46,135100,14,,7,8,1,14,17,3,12,4,15,0,7,,Srednji vezni,portal_tracker,2026-01-19 15:34:45.048265+00,,457670804,3f5ca8b9-d920-4000-bf1e-b906d43c04a4,,,,,,,,,,,,,2026-01-19 15:34:45.048265+00
278,,,2026-01-19 15:34:45.048265,Vanja Pirović,,NT,,,,,,,,,,,,,,Hrvatska,Nepredvidiv,,false,29,82,376740,12,,6,8,1,12,18,5,12,8,8,0,12,,Srednji vezni,portal_tracker,2026-01-19 15:34:45.048265+00,,465925495,3f5ca8b9-d920-4000-bf1e-b906d43c04a4,,,,,,,,,,,,,2026-01-19 15:34:45.048265+00
279,,,2026-01-19 15:34:45.048265,Velimir 'Veljac' Bajlo,,NT,,,,,,,,,,,,,,Hrvatska,Brz,,false,31,58,291940,11,,7,8,1,10,19,2,11,10,8,8,0,,Srednji vezni,portal_tracker,2026-01-19 15:34:45.048265+00,,461752201,3f5ca8b9-d920-4000-bf1e-b906d43c04a4,,,,,,,,,,,,,2026-01-19 15:34:45.048265+00
280,,,2026-01-19 15:34:45.048265,Vice Pečušak,,NT,,,,,,,,,,,,,,Hrvatska,Snažan,2,false,32,35,225330,12,,7,7,1,15,17,5,15,4,2,0,0,,Srednji vezni,portal_tracker,2026-01-19 15:34:45.048265+00,,460308702,3f5ca8b9-d920-4000-bf1e-b906d43c04a4,,,,,,,,,,,,,2026-01-19 15:34:45.048265+00
281,,,2026-01-19 15:34:45.048265,Viktor Oltran,,NT,,,,,,,,,,,,,,Hrvatska,Tehničar,,false,31,15,229380,10,,5,8,1,17,15,2,8,2,5,0,0,,Srednji branič,portal_tracker,2026-01-19 15:34:45.048265+00,,462656763,3f5ca8b9-d920-4000-bf1e-b906d43c04a4,,,,,,,,,,,,,2026-01-19 15:34:45.048265+00
282,,,2026-01-19 15:34:45.048265,Vito Ban,,NT,,,,,,,,,,,,,,Hrvatska,Tehničar,,false,33,17,158890,12,,7,7,1,2,16,6,16,13,7,0,4,,Napadač,portal_tracker,2026-01-19 15:34:45.048265+00,,458290339,3f5ca8b9-d920-4000-bf1e-b906d43c04a4,,,,,,,,,,,,,2026-01-19 15:34:45.048265+00
283,,,2026-01-19 15:34:45.048265,Vito Peruza,,NT,,,,,,,,,,,,,,Hrvatska,,,false,29,72,272950,8,,6,7,1,16,10,5,15,5,11,0,1,,Srednji branič,portal_tracker,2026-01-19 15:34:45.048265+00,,466065129,3f5ca8b9-d920-4000-bf1e-b906d43c04a4,,,,,,,,,,,,,2026-01-19 15:34:45.048265+00
284,,,2026-01-19 15:34:45.048265,Vitomir Grgeč,,NT,,,,,,,,,,,,,,Hrvatska,,,false,32,98,137880,12,,7,8,1,19,5,11,5,3,1,0,0,,Bočni igrač,portal_tracker,2026-01-19 15:34:45.048265+00,,459286922,3f5ca8b9-d920-4000-bf1e-b906d43c04a4,,,,,,,,,,,,,2026-01-19 15:34:45.048265+00
285,,,2026-01-19 15:34:45.048265,Vitomir Sedić,,NT,,,,,,,,,,,,,,Hrvatska,Brz,,false,31,31,236130,12,,7,6,1,9,16,16,4,9,8,2,0,,Krilo,portal_tracker,2026-01-19 15:34:45.048265+00,,462434038,3f5ca8b9-d920-4000-bf1e-b906d43c04a4,,,,,,,,,,,,,2026-01-19 15:34:45.048265+00
286,,,2026-01-19 15:34:45.048265,Vjekoslav Brada,,NT,,,,,,,,,,,,,,Hrvatska,Nepredvidiv,,false,30,9,302440,12,,7,7,1,15,15,13,9,3,7,0,7,,Srednji branič,portal_tracker,2026-01-19 15:34:45.048265+00,,465058896,3f5ca8b9-d920-4000-bf1e-b906d43c04a4,,,,,,,,,,,,,2026-01-19 15:34:45.048265+00
287,,,2026-01-19 15:34:45.048265,Vladimir Batalija,,NT,,,,,,,,,,,,,,Hrvatska,Brz,,false,33,79,118980,13,,6,7,1,6,16,17,10,7,10,0,2,,Krilo,portal_tracker,2026-01-19 15:34:45.048265+00,,456786634,3f5ca8b9-d920-4000-bf1e-b906d43c04a4,,,,,,,,,,,,,2026-01-19 15:34:45.048265+00
288,,,2026-01-19 15:34:45.048265,Vlado Bunić,,NT,,,,,,,,,,,,,,Hrvatska,Igra glavom,,false,30,57,265790,8,,6,6,1,3,4,4,14,18,2,0,0,,Napadač,portal_tracker,2026-01-19 15:34:45.048265+00,,463962107,3f5ca8b9-d920-4000-bf1e-b906d43c04a4,,,,,,,,,,,,,2026-01-19 15:34:45.048265+00
289,,,2026-01-19 15:34:45.048265,Vlaho Jadrešić,,NT,,,,,,,,,,,,,,Hrvatska,Brz,,false,35,52,47080,22,,6,5,1,10,15,16,12,5,14,32,1,,Krilo,portal_tracker,2026-01-19 15:34:45.048265+00,,452255154,3f5ca8b9-d920-4000-bf1e-b906d43c04a4,,,,,,,,,,,,,2026-01-19 15:34:45.048265+00
290,,,2026-01-19 15:34:45.048265,Vlatko Moharić,,NT,,,,,,,,,,,,,,Hrvatska,Igra glavom,,false,32,56,163530,11,,6,8,1,3,12,6,14,16,13,3,0,,Napadač,portal_tracker,2026-01-19 15:34:45.048265+00,,460094247,3f5ca8b9-d920-4000-bf1e-b906d43c04a4,,,,,,,,,,,,,2026-01-19 15:34:45.048265+00
291,,,2026-01-19 15:34:45.048265,Vlatko Šarin,,NT,,,,,,,,,,,,,,Hrvatska,Nepredvidiv,,false,31,68,368680,12,,8,6,1,10,17,17,11,7,1,0,0,,Krilo,portal_tracker,2026-01-19 15:34:45.048265+00,,461643173,3f5ca8b9-d920-4000-bf1e-b906d43c04a4,,,,,,,,,,,,,2026-01-19 15:34:45.048265+00
292,,,2026-01-19 15:34:45.048265,Vojko Bašetić,,NT,,,,,,,,,,,,,,Hrvatska,Brz,,false,33,111,69660,15,,8,7,1,15,10,14,9,1,14,0,1,,Krilo,portal_tracker,2026-01-19 15:34:45.048265+00,,456052706,3f5ca8b9-d920-4000-bf1e-b906d43c04a4,,,,,,,,,,,,,2026-01-19 15:34:45.048265+00
293,,,2026-01-19 15:34:45.048265,Vojko Krušlin,,NT,,,,,,,,,,,,,,Hrvatska,Brz,,false,35,23,40470,16,,5,7,1,5,13,10,10,16,13,1,1,,Napadač,portal_tracker,2026-01-19 15:34:45.048265+00,,452986083,3f5ca8b9-d920-4000-bf1e-b906d43c04a4,,,,,,,,,,,,,2026-01-19 15:34:45.048265+00
294,,,2026-01-19 15:34:45.048265,Vuk Džunić,,NT,,,,,,,,,,,,,,Hrvatska,Brz,,false,31,99,279750,13,,7,8,1,11,15,16,9,6,13,2,0,,Krilo,portal_tracker,2026-01-19 15:34:45.048265+00,,461174267,3f5ca8b9-d920-4000-bf1e-b906d43c04a4,,,,,,,,,,,,,2026-01-19 15:34:45.048265+00
295,,,2026-01-19 15:34:45.048265,Zdenko Bošotina,,NT,,,,,,,,,,,,,,Hrvatska,Brz,,false,31,18,259600,11,,6,6,1,15,16,5,13,3,1,11,0,,Srednji branič,portal_tracker,2026-01-19 15:34:45.048265+00,,462627906,3f5ca8b9-d920-4000-bf1e-b906d43c04a4,,,,,,,,,,,,,2026-01-19 15:34:45.048265+00
296,,,2026-01-19 15:34:45.048265,Zlatan Carević,,NT,,,,,,,,,,,,,,Hrvatska,Nepredvidiv,,false,32,77,249420,13,,6,8,1,4,17,18,9,5,2,3,0,,Krilo,portal_tracker,2026-01-19 15:34:45.048265+00,,459397798,3f5ca8b9-d920-4000-bf1e-b906d43c04a4,,,,,,,,,,,,,2026-01-19 15:34:45.048265+00
297,,,2026-01-19 15:34:45.048265,Zoran Bilokapić,,NT,,,,,,,,,,,,,,Hrvatska,Igra glavom,,false,32,21,157660,11,,7,8,1,2,9,13,10,17,15,2,0,,Napadač,portal_tracker,2026-01-19 15:34:45.048265+00,,460822528,3f5ca8b9-d920-4000-bf1e-b906d43c04a4,,,,,,,,,,,,,2026-01-19 15:34:45.048265+00
298,,,2026-01-19 15:34:45.048265,Zvonimir Gadže,,NT,,,,,,,,,,,,,,Hrvatska,Snažan,,false,34,2,91400,19,,4,7,1,16,17,3,8,3,17,9,17,,Srednji vezni,portal_tracker,2026-01-19 15:34:45.048265+00,,456011919,3f5ca8b9-d920-4000-bf1e-b906d43c04a4,,,,,,,,,,,,,2026-01-19 15:34:45.048265+00
299,,,2026-01-19 15:34:45.048265,Zvonimir Mirošević,,NT,,,,,,,,,,,,,,Hrvatska,Igra glavom,,false,31,7,370790,14,,7,7,1,12,15,18,12,2,12,3,23,,Krilo,portal_tracker,2026-01-19 15:34:45.048265+00,,462762032,3f5ca8b9-d920-4000-bf1e-b906d43c04a4,,,,,,,,,,,,,2026-01-19 15:34:45.048265+00
300,,,2026-01-19 15:34:45.048265,Zvonko Bačelić,,NT,,,,,,,,,,,,,,Hrvatska,Brz,,false,35,85,39960,13,,7,6,1,3,10,8,14,16,10,34,0,,Napadač,portal_tracker,2026-01-19 15:34:45.048265+00,,450967939,3f5ca8b9-d920-4000-bf1e-b906d43c04a4,,,,,,,,,,,,,2026-01-19 15:34:45.048265+00
301,,,2026-01-19 15:34:45.048265,Žan Rušev,,NT,,,,,,,,,,,,,,Hrvatska,Nepredvidiv,,false,29,78,138230,8,,6,6,20,13,3,2,8,3,20,3,0,,Vratar,portal_tracker,2026-01-19 15:34:45.048265+00,,466022738,3f5ca8b9-d920-4000-bf1e-b906d43c04a4,,,,,,,,,,,,,2026-01-19 15:34:45.048265+00
302,,,2026-01-19 15:34:45.048265,Žarko Butić,,NT,,,,,,,,,,,,,,Hrvatska,Brz,,false,30,31,343310,12,,6,6,1,14,18,6,10,4,1,0,1,,Srednji vezni,portal_tracker,2026-01-19 15:34:45.048265+00,,465149556,3f5ca8b9-d920-4000-bf1e-b906d43c04a4,,,,,,,,,,,,,2026-01-19 15:34:45.048265+00
303,,,2026-01-19 15:34:45.048265,Žarko Gudelj,,NT,,,,,,,,,,,,,,Hrvatska,Nepredvidiv,,false,30,30,315760,10,,7,6,1,17,10,3,15,5,4,0,5,,Srednji branič,portal_tracker,2026-01-19 15:34:45.048265+00,,464875833,3f5ca8b9-d920-4000-bf1e-b906d43c04a4,,,,,,,,,,,,,2026-01-19 15:34:45.048265+00
304,,,2026-01-19 15:34:45.048265,Željko 'Psycho' Špika,,NT,,,,,,,,,,,,,,Hrvatska,Brz,,false,29,83,436420,7,,6,7,1,9,18,15,12,4,5,0,5,,Srednji vezni,portal_tracker,2026-01-19 15:34:45.048265+00,,465920983,3f5ca8b9-d920-4000-bf1e-b906d43c04a4,,,,,,,,,,,,,2026-01-19 15:34:45.048265+00
307,,,2026-01-19 16:10:17.667138,Albert Dumbović,470141243,NT,active,,,,,,,,,,,,,Hrvatska,Brz,,false,28,72,379170,9,6,6,7,,,,,,,,0,1,false,Srednji vezni,portal,2026-01-19 16:10:34.844536+00,,,3f5ca8b9-d920-4000-bf1e-b906d43c04a4,,1,12,18,3,10,4,2,,,,,2026-01-19 16:10:34.844536+00
308,,,2026-01-19 16:10:17.667138,Albert 'Berty Boy' Vrbnjak,459418718,NT,active,,,,,,,,,,,,,Hrvatska,Brz,,false,32,75,225000,12,3,7,7,,,,,,,,1,3,false,Krilo,portal,2026-01-19 16:10:34.844536+00,,,3f5ca8b9-d920-4000-bf1e-b906d43c04a4,,1,10,16,17,9,7,9,,,,,2026-01-19 16:10:34.844536+00
309,,,2026-01-19 16:10:17.667138,Aldo Andrisević,454326344,NT,active,,,,,,,,,,,,,Hrvatska,Tehničar,,false,34,84,44760,16,3,8,5,,,,,,,,6,18,false,Napadač,portal,2026-01-19 16:10:34.844536+00,,,3f5ca8b9-d920-4000-bf1e-b906d43c04a4,,1,5,12,8,14,16,2,,,,,2026-01-19 16:10:34.844536+00
310,,,2026-01-19 16:10:17.667138,Aleksandar Bregović,472102299,NT,active,,,,,,,,,,,,,Hrvatska,Snažan,,false,27,87,483530,9,2,7,7,,,,,,,,4,7,false,Napadač,portal,2026-01-19 16:10:34.844536+00,,,3f5ca8b9-d920-4000-bf1e-b906d43c04a4,,1,4,15,10,9,17,2,,,,,2026-01-19 16:10:34.844536+00
311,,,2026-01-19 16:10:17.667138,Aleksandar Štimac,469897495,NT,active,,,,,,,,,,,,,Hrvatska,Brz,,false,28,94,270100,8,7,8,7,,,,,,,,0,0,false,Bočni igrač,portal,2026-01-19 16:10:34.844536+00,,,3f5ca8b9-d920-4000-bf1e-b906d43c04a4,,1,16,9,14,8,3,8,,,,,2026-01-19 16:10:34.844536+00
312,,,2026-01-19 16:10:17.667138,Alen Orinčić,460320436,NT,active,,,,,,,,,,,,,Hrvatska,Brz,,false,32,34,163130,14,5,6,6,,,,,,,,0,5,false,Napadač,portal,2026-01-19 16:10:34.844536+00,,,3f5ca8b9-d920-4000-bf1e-b906d43c04a4,,1,5,17,5,12,14,3,,,,,2026-01-19 16:10:34.844536+00
313,,,2026-01-19 16:10:17.667138,Alojzije Lacković,470148997,NT,active,,,,,,,,,,,,,Hrvatska,Igra glavom,,false,28,71,460640,8,3,7,7,,,,,,,,0,0,false,Srednji vezni,portal,2026-01-19 16:10:34.844536+00,,,3f5ca8b9-d920-4000-bf1e-b906d43c04a4,,1,9,17,12,13,4,4,,,,,2026-01-19 16:10:34.844536+00
314,,,2026-01-19 16:10:17.667138,Alojzije 'Šakal' Šerer,456981618,NT,active,,,,,,,,,,,,,Hrvatska,,,false,33,62,131190,16,5,7,8,,,,,,,,0,10,false,Srednji vezni,portal,2026-01-19 16:10:34.844536+00,,,3f5ca8b9-d920-4000-bf1e-b906d43c04a4,,1,12,18,6,12,7,12,,,,,2026-01-19 16:10:34.844536+00
315,,,2026-01-19 16:10:17.667138,Aljoša Deverić,455969601,NT,active,,,,,,,,,,,,,Hrvatska,,,false,34,4,77230,13,5,7,6,,,,,,,,0,0,false,Bočni igrač,portal,2026-01-19 16:10:34.844536+00,,,3f5ca8b9-d920-4000-bf1e-b906d43c04a4,,0,14,8,17,9,4,11,,,,,2026-01-19 16:10:34.844536+00
316,,,2026-01-19 16:10:17.667138,Anđelko Reljić,463401506,NT,active,,,,,,,,,,,,,Hrvatska,Tehničar,,false,30,94,378840,8,7,8,6,,,,,,,,5,0,false,Bočni igrač,portal,2026-01-19 16:10:34.844536+00,,,3f5ca8b9-d920-4000-bf1e-b906d43c04a4,,1,17,12,16,6,4,4,,,,,2026-01-19 16:10:34.844536+00
317,,,2026-01-19 16:10:17.667138,Anđelko Stražina,460766915,NT,active,,,,,,,,,,,,,Hrvatska,Brz,,false,31,110,209120,12,1,6,7,,,,,,,,0,0,false,Napadač,portal,2026-01-19 16:10:34.844536+00,,,3f5ca8b9-d920-4000-bf1e-b906d43c04a4,,1,5,13,12,13,15,17,,,,,2026-01-19 16:10:34.844536+00
318,,,2026-01-19 16:10:17.667138,Ante Rasol,461480327,NT,active,,,,,,,,,,,,,Hrvatska,Nepredvidiv,,false,31,78,358520,16,5,6,8,,,,,,,,12,21,false,Napadač,portal,2026-01-19 16:10:34.844536+00,,,3f5ca8b9-d920-4000-bf1e-b906d43c04a4,,1,2,15,8,15,17,3,,,,,2026-01-19 16:10:34.844536+00
319,,,2026-01-19 16:10:17.667138,Ante Šprljan,469028671,NT,active,,,,,,,,,,,,,Hrvatska,Igra glavom,,false,29,10,376810,12,2,6,8,,,,,,,,0,1,false,Srednji vezni,portal,2026-01-19 16:10:34.844536+00,,,3f5ca8b9-d920-4000-bf1e-b906d43c04a4,,1,10,17,15,9,4,10,,,,,2026-01-19 16:10:34.844536+00
320,,,2026-01-19 16:10:17.667138,Anto Kukec,464788148,NT,active,,,,,,,,,,,,,Hrvatska,Tehničar,,false,30,29,427340,11,4,7,7,,,,,,,,3,2,false,Krilo,portal,2026-01-19 16:10:34.844536+00,,,3f5ca8b9-d920-4000-bf1e-b906d43c04a4,,1,11,16,18,10,7,5,,,,,2026-01-19 16:10:34.844536+00
321,,,2026-01-19 16:10:17.667138,Ben '10' Breulj,469021522,NT,active,,,,,,,,,,,,,Hrvatska,Nepredvidiv,,false,29,12,394640,13,3,7,8,,,,,,,,14,18,true,Napadač,portal,2026-01-19 16:10:34.844536+00,,,3f5ca8b9-d920-4000-bf1e-b906d43c04a4,,1,5,13,10,11,17,9,,,,,2026-01-19 16:10:34.844536+00
322,,,2026-01-19 16:10:17.667138,Ben Lelja,464765909,NT,active,,,,,,,,,,,,,Hrvatska,Nepredvidiv,,false,30,43,427680,11,3,6,8,,,,,,,,0,0,false,Krilo,portal,2026-01-19 16:10:34.844536+00,,,3f5ca8b9-d920-4000-bf1e-b906d43c04a4,,1,6,16,17,14,5,3,,,,,2026-01-19 16:10:34.844536+00
323,,,2026-01-19 16:10:17.667138,Ben Stanić,472923826,NT,active,,,,,,,,,,,,,Hrvatska,Brz,,false,27,44,334950,8,2,5,7,,,,,,,,5,7,false,Bočni igrač,portal,2026-01-19 16:10:34.844536+00,,,3f5ca8b9-d920-4000-bf1e-b906d43c04a4,,1,18,8,13,7,4,4,,,,,2026-01-19 16:10:34.844536+00
324,,,2026-01-19 16:10:17.667138,Benjamin Kovačević,462803078,NT,active,,,,,,,,,,,,,Hrvatska,Nepredvidiv,,false,31,27,217990,11,5,8,6,,,,,,,,0,0,false,Srednji vezni,portal,2026-01-19 16:10:34.844536+00,,,3f5ca8b9-d920-4000-bf1e-b906d43c04a4,,1,14,18,3,9,5,16,,,,,2026-01-19 16:10:34.844536+00
325,,,2026-01-19 16:10:17.667138,Benjamin Školjić,472282226,NT,active,,,,,,,,,,,,,Hrvatska,Brz,,false,28,14,322880,7,7,6,7,,,,,,,,3,0,false,Srednji branič,portal,2026-01-19 16:10:34.844536+00,,,3f5ca8b9-d920-4000-bf1e-b906d43c04a4,,1,15,17,7,7,6,6,,,,,2026-01-19 16:10:34.844536+00
326,,,2026-01-19 16:10:17.667138,Bernard Jurkin,462081160,NT,active,,,,,,,,,,,,,Hrvatska,Nepredvidiv,,false,31,62,240190,11,2,7,7,,,,,,,,0,0,false,Srednji branič,portal,2026-01-19 16:10:34.844536+00,,,3f5ca8b9-d920-4000-bf1e-b906d43c04a4,,1,17,15,2,6,5,1,,,,,2026-01-19 16:10:34.844536+00
327,,,2026-01-19 16:10:17.667138,Boris Džoni,460546312,NT,active,,,,,,,,,,,,,Hrvatska,Nepredvidiv,,false,32,17,246850,11,4,7,7,,,,,,,,3,0,false,Srednji vezni,portal,2026-01-19 16:10:34.844536+00,,,3f5ca8b9-d920-4000-bf1e-b906d43c04a4,,1,9,17,3,17,4,3,,,,,2026-01-19 16:10:34.844536+00
328,,,2026-01-19 16:10:17.667138,Boris Rogomentić,461208883,NT,active,,,,,,,,,,,,,Hrvatska,Tehničar,,false,31,99,292710,9,2,7,7,,,,,,,,0,0,false,Krilo,portal,2026-01-19 16:10:34.844536+00,,,3f5ca8b9-d920-4000-bf1e-b906d43c04a4,,1,8,17,15,12,9,1,,,,,2026-01-19 16:10:34.844536+00
329,,,2026-01-19 16:10:17.667138,Borna Radov,463522616,NT,active,,,,,,,,,,,,,Hrvatska,Nepredvidiv,,false,30,80,201050,10,5,8,6,,,,,,,,0,0,false,Srednji branič,portal,2026-01-19 16:10:34.844536+00,,,3f5ca8b9-d920-4000-bf1e-b906d43c04a4,,1,15,15,6,10,3,2,,,,,2026-01-19 16:10:34.844536+00
330,,,2026-01-19 16:10:17.667138,Božidar Lukšić,459497841,NT,active,,,,,,,,,,,,,Hrvatska,Igra glavom,,false,32,70,255460,14,3,7,8,,,,,,,,7,0,false,Krilo,portal,2026-01-19 16:10:34.844536+00,,,3f5ca8b9-d920-4000-bf1e-b906d43c04a4,,1,10,16,18,9,3,13,,,,,2026-01-19 16:10:34.844536+00
331,,,2026-01-19 16:10:17.667138,Božidar Roca,452926133,NT,active,,,,,,,,,,,,,Hrvatska,,,false,35,26,71830,12,7,7,5,,,,,,,,0,0,false,Vratar,portal,2026-01-19 16:10:34.844536+00,,,3f5ca8b9-d920-4000-bf1e-b906d43c04a4,,19,12,0,0,1,1,21,,,,,2026-01-19 16:10:34.844536+00
332,,,2026-01-19 16:10:17.667138,Božidar Štefan,461673792,NT,active,,,,,,,,,,,,,Hrvatska,,,false,31,68,193330,11,1,6,6,,,,,,,,0,0,false,Srednji branič,portal,2026-01-19 16:10:34.844536+00,,,3f5ca8b9-d920-4000-bf1e-b906d43c04a4,,1,16,14,6,12,3,10,,,,,2026-01-19 16:10:34.844536+00
333,,,2026-01-19 16:10:17.667138,Božo 'Ra' Stura,458027092,NT,active,,,,,,,,,,,,,Hrvatska,Tehničar,,false,33,34,130740,16,7,8,8,,,,,,,,6,5,false,Srednji vezni,portal,2026-01-19 16:10:34.844536+00,,,3f5ca8b9-d920-4000-bf1e-b906d43c04a4,,1,12,18,2,11,7,12,,,,,2026-01-19 16:10:34.844536+00
334,,,2026-01-19 16:10:17.667138,Branimir Ostreš,461782346,NT,active,,,,,,,,,,,,,Hrvatska,Igra glavom,,false,31,93,124850,12,2,6,7,,,,,,,,0,0,false,Srednji vezni,portal,2026-01-19 16:10:34.844536+00,,,3f5ca8b9-d920-4000-bf1e-b906d43c04a4,,1,12,17,2,3,11,17,,,,,2026-01-19 16:10:34.844536+00
335,,,2026-01-19 16:10:17.667138,Branko Katuša,453024305,NT,active,,,,,,,,,,,,,Hrvatska,Igra glavom,,false,35,19,44790,14,6,6,7,,,,,,,,7,0,false,Bočni igrač,portal,2026-01-19 16:10:34.844536+00,,,3f5ca8b9-d920-4000-bf1e-b906d43c04a4,,0,15,13,14,8,4,10,,,,,2026-01-19 16:10:34.844536+00
336,,,2026-01-19 16:10:17.667138,Branko Matarela,465060649,NT,active,,,,,,,,,,,,,Hrvatska,,,false,30,9,320930,10,2,6,8,,,,,,,,0,0,false,Srednji vezni,portal,2026-01-19 16:10:34.844536+00,,,3f5ca8b9-d920-4000-bf1e-b906d43c04a4,,1,11,17,5,14,10,10,,,,,2026-01-19 16:10:34.844536+00
337,,,2026-01-19 16:10:17.667138,Bruno Galeb,463405898,NT,active,,,,,,,,,,,,,Hrvatska,Nepredvidiv,,false,30,93,257960,12,2,7,8,,,,,,,,0,11,false,Napadač,portal,2026-01-19 16:10:34.844536+00,,,3f5ca8b9-d920-4000-bf1e-b906d43c04a4,,1,4,8,7,13,18,7,,,,,2026-01-19 16:10:34.844536+00
338,,,2026-01-19 16:10:17.667138,Dalibor Reljanović,469302858,NT,active,,,,,,,,,,,,,Hrvatska,Nepredvidiv,,false,28,104,519630,10,6,8,7,,,,,,,,0,3,false,Krilo,portal,2026-01-19 16:10:34.844536+00,,,3f5ca8b9-d920-4000-bf1e-b906d43c04a4,,1,5,16,18,9,3,4,,,,,2026-01-19 16:10:34.844536+00
339,,,2026-01-19 16:10:17.667138,Damjan Faričić,471149619,NT,active,,,,,,,,,,,,,Hrvatska,Igra glavom,,false,28,28,413950,9,4,7,7,,,,,,,,3,1,false,Napadač,portal,2026-01-19 16:10:34.844536+00,,,3f5ca8b9-d920-4000-bf1e-b906d43c04a4,,1,5,7,10,14,18,11,,,,,2026-01-19 16:10:34.844536+00
340,,,2026-01-19 16:10:17.667138,Dane 'Dan the Man' Hrvatić,462049222,NT,active,,,,,,,,,,,,,Hrvatska,Igra glavom,,false,31,47,242570,13,4,5,8,,,,,,,,12,4,false,Srednji vezni,portal,2026-01-19 16:10:34.844536+00,,,3f5ca8b9-d920-4000-bf1e-b906d43c04a4,,1,12,18,6,12,8,9,,,,,2026-01-19 16:10:34.844536+00
341,,,2026-01-19 16:10:17.667138,Dane Volarević,454849243,NT,active,,,,,,,,,,,,,Hrvatska,Igra glavom,,false,34,54,50900,16,5,7,7,,,,,,,,6,1,false,Srednji vezni,portal,2026-01-19 16:10:34.844536+00,,,3f5ca8b9-d920-4000-bf1e-b906d43c04a4,,0,9,18,3,12,7,11,,,,,2026-01-19 16:10:34.844536+00
342,,,2026-01-19 16:10:17.667138,Danijel Polak,453228887,NT,active,,,,,,,,,,,,,Hrvatska,,,false,35,3,26490,14,4,3,6,,,,,,,,0,0,false,Srednji branič,portal,2026-01-19 16:10:34.844536+00,,,3f5ca8b9-d920-4000-bf1e-b906d43c04a4,,1,15,16,3,8,3,4,,,,,2026-01-19 16:10:34.844536+00
343,,,2026-01-19 16:10:17.667138,Danijel Premate,462946833,NT,active,,,,,,,,,,,,,Hrvatska,,,false,30,109,304330,12,7,4,8,,,,,,,,1,0,false,Srednji vezni,portal,2026-01-19 16:10:34.844536+00,,,3f5ca8b9-d920-4000-bf1e-b906d43c04a4,,1,12,18,7,13,10,11,,,,,2026-01-19 16:10:34.844536+00
344,,,2026-01-19 16:10:17.667138,Danijel Selak,460620717,NT,active,,,,,,,,,,,,,Hrvatska,Nepredvidiv,,false,32,10,195480,12,7,8,6,,,,,,,,0,0,false,Krilo,portal,2026-01-19 16:10:34.844536+00,,,3f5ca8b9-d920-4000-bf1e-b906d43c04a4,,1,12,17,16,9,7,3,,,,,2026-01-19 16:10:34.844536+00
345,,,2026-01-19 16:10:17.667138,Darijo Verić,462279779,NT,active,,,,,,,,,,,,,Hrvatska,Nepredvidiv,,false,31,39,176390,11,4,7,8,,,,,,,,0,0,false,Bočni igrač,portal,2026-01-19 16:10:34.844536+00,,,3f5ca8b9-d920-4000-bf1e-b906d43c04a4,,1,16,10,14,7,3,8,,,,,2026-01-19 16:10:34.844536+00
346,,,2026-01-19 16:10:17.667138,David 'Goliath' Matulović,463430531,NT,active,,,,,,,,,,,,,Hrvatska,Nepredvidiv,,false,30,87,325740,11,5,4,8,,,,,,,,6,17,false,Krilo,portal,2026-01-19 16:10:34.844536+00,,,3f5ca8b9-d920-4000-bf1e-b906d43c04a4,,1,10,16,18,10,4,2,,,,,2026-01-19 16:10:34.844536+00
347,,,2026-01-19 16:10:17.667138,Denis Sablić,458552398,NT,active,,,,,,,,,,,,,Hrvatska,Nepredvidiv,,false,33,0,116710,13,3,7,8,,,,,,,,0,0,false,Srednji vezni,portal,2026-01-19 16:10:34.844536+00,,,3f5ca8b9-d920-4000-bf1e-b906d43c04a4,,1,12,16,4,11,9,22,,,,,2026-01-19 16:10:34.844536+00
348,,,2026-01-19 16:10:17.667138,Dinko Selak,459300397,NT,active,,,,,,,,,,,,,Hrvatska,Igra glavom,,false,32,99,175710,11,6,6,8,,,,,,,,0,0,false,Srednji vezni,portal,2026-01-19 16:10:34.844536+00,,,3f5ca8b9-d920-4000-bf1e-b906d43c04a4,,1,12,17,13,9,2,7,,,,,2026-01-19 16:10:34.844536+00
349,,,2026-01-19 16:10:17.667138,Dinko Žuliček,455285588,NT,active,,,,,,,,,,,,,Hrvatska,,,false,34,42,45520,13,4,7,5,,,,,,,,0,0,false,Srednji vezni,portal,2026-01-19 16:10:34.844536+00,,,3f5ca8b9-d920-4000-bf1e-b906d43c04a4,,1,14,16,3,11,3,12,,,,,2026-01-19 16:10:34.844536+00
350,,,2026-01-19 16:10:17.667138,Dino Ovanin,465094022,NT,active,,,,,,,,,,,,,Hrvatska,Brz,,false,30,7,207760,10,3,5,8,,,,,,,,0,0,false,Bočni igrač,portal,2026-01-19 16:10:34.844536+00,,,3f5ca8b9-d920-4000-bf1e-b906d43c04a4,,2,16,9,15,11,3,8,,,,,2026-01-19 16:10:34.844536+00
351,,,2026-01-19 16:10:17.667138,Dino Sorić,474232848,NT,active,,,,,,,,,,,,,Hrvatska,Brz,,false,26,84,434910,8,4,7,7,,,,,,,,4,1,false,Napadač,portal,2026-01-19 16:10:34.844536+00,,,3f5ca8b9-d920-4000-bf1e-b906d43c04a4,,1,2,13,6,13,16,2,,,,,2026-01-19 16:10:34.844536+00
352,,,2026-01-19 16:10:17.667138,Ðino 'Brzi' Glumičić,463527081,NT,active,,,,,,,,,,,,,Hrvatska,Brz,,false,31,10,303110,11,3,8,8,,,,,,,,17,0,true,Napadač,portal,2026-01-19 16:10:34.844536+00,,,3f5ca8b9-d920-4000-bf1e-b906d43c04a4,,1,2,14,9,13,16,11,,,,,2026-01-19 16:10:34.844536+00
353,,,2026-01-19 16:10:17.667138,Ðino Lamza,471535958,NT,active,,,,,,,,,,,,,Hrvatska,Nepredvidiv,,false,27,111,365590,7,1,7,7,,,,,,,,0,0,false,Napadač,portal,2026-01-19 16:10:34.844536+00,,,3f5ca8b9-d920-4000-bf1e-b906d43c04a4,,2,4,4,5,15,16,3,,,,,2026-01-19 16:10:34.844536+00
354,,,2026-01-19 16:10:17.667138,Domagoj Škugor,472430582,NT,active,,,,,,,,,,,,,Hrvatska,Snažan,,false,27,61,433070,9,4,7,7,,,,,,,,3,12,false,Napadač,portal,2026-01-19 16:10:34.844536+00,,,3f5ca8b9-d920-4000-bf1e-b906d43c04a4,,1,4,13,6,14,17,4,,,,,2026-01-19 16:10:34.844536+00
355,,,2026-01-19 16:10:17.667138,Domagoj Zekan,462621317,NT,active,,,,,,,,,,,,,Hrvatska,,,false,31,24,107430,12,3,6,6,,,,,,,,0,0,false,Vratar,portal,2026-01-19 16:10:34.844536+00,,,3f5ca8b9-d920-4000-bf1e-b906d43c04a4,,19,16,1,2,1,1,19,,,,,2026-01-19 16:10:34.844536+00
356,,,2026-01-19 16:10:17.667138,Dominik Stanković,474434742,NT,active,,,,,,,,,,,,,Hrvatska,Brz,,false,26,69,386080,9,4,8,7,,,,,,,,0,11,false,Krilo,portal,2026-01-19 16:10:34.844536+00,,,3f5ca8b9-d920-4000-bf1e-b906d43c04a4,,1,4,14,16,13,4,3,,,,,2026-01-19 16:10:34.844536+00
357,,,2026-01-19 16:10:17.667138,Dragan Buhin,469904635,NT,active,,,,,,,,,,,,,Hrvatska,Snažan,,false,28,89,404980,9,6,7,8,,,,,,,,0,8,false,Napadač,portal,2026-01-19 16:10:34.844536+00,,,3f5ca8b9-d920-4000-bf1e-b906d43c04a4,,1,3,14,4,12,17,1,,,,,2026-01-19 16:10:34.844536+00
358,,,2026-01-19 16:10:17.667138,Dragiša 'Brzonogi' Otić,472280798,NT,active,,,,,,,,,,,,,Hrvatska,Brz,,false,28,24,367150,8,4,5,7,,,,,,,,0,4,false,Napadač,portal,2026-01-19 16:10:34.844536+00,,,3f5ca8b9-d920-4000-bf1e-b906d43c04a4,,2,3,11,11,12,17,2,,,,,2026-01-19 16:10:34.844536+00
359,,,2026-01-19 16:10:17.667138,Drago Mišković,462750159,NT,active,,,,,,,,,,,,,Hrvatska,Igra glavom,,false,31,25,164630,10,5,7,7,,,,,,,,0,0,false,Bočni igrač,portal,2026-01-19 16:10:34.844536+00,,,3f5ca8b9-d920-4000-bf1e-b906d43c04a4,,1,18,6,12,7,4,15,,,,,2026-01-19 16:10:34.844536+00
360,,,2026-01-19 16:10:17.667138,Drago Nazor,458457201,NT,active,,,,,,,,,,,,,Hrvatska,Nepredvidiv,,false,33,17,106740,14,5,7,7,,,,,,,,4,3,false,Srednji vezni,portal,2026-01-19 16:10:34.844536+00,,,3f5ca8b9-d920-4000-bf1e-b906d43c04a4,,1,9,18,5,13,6,15,,,,,2026-01-19 16:10:34.844536+00
361,,,2026-01-19 16:10:17.667138,Dragutin Kerić,464452263,NT,active,,,,,,,,,,,,,Hrvatska,Brz,,false,30,46,367740,11,4,7,7,,,,,,,,3,0,false,Krilo,portal,2026-01-19 16:10:34.844536+00,,,3f5ca8b9-d920-4000-bf1e-b906d43c04a4,,1,11,16,17,10,7,2,,,,,2026-01-19 16:10:34.844536+00
362,,,2026-01-19 16:10:17.667138,Dragutin Vajdić,461729801,NT,active,,,,,,,,,,,,,Hrvatska,Brz,,false,31,57,330660,9,4,8,6,,,,,,,,0,0,false,Krilo,portal,2026-01-19 16:10:34.844536+00,,,3f5ca8b9-d920-4000-bf1e-b906d43c04a4,,1,10,17,17,9,7,1,,,,,2026-01-19 16:10:34.844536+00
363,,,2026-01-19 16:10:17.667138,Dragutin Valičević,453382718,NT,active,,,,,,,,,,,,,Hrvatska,Igra glavom,,false,34,105,43910,11,2,7,5,,,,,,,,2,0,false,Srednji vezni,portal,2026-01-19 16:10:34.844536+00,,,3f5ca8b9-d920-4000-bf1e-b906d43c04a4,,0,7,18,2,14,3,2,,,,,2026-01-19 16:10:34.844536+00
364,,,2026-01-19 16:10:17.667138,Dražen Murgić,453179970,NT,active,,,,,,,,,,,,,Hrvatska,Nepredvidiv,,false,35,11,49880,14,5,7,7,,,,,,,,5,0,false,Krilo,portal,2026-01-19 16:10:34.844536+00,,,3f5ca8b9-d920-4000-bf1e-b906d43c04a4,,1,10,15,16,9,3,16,,,,,2026-01-19 16:10:34.844536+00
365,,,2026-01-19 16:10:17.667138,Dubravko Stijepović,459736423,NT,active,,,,,,,,,,,,,Hrvatska,Snažan,,false,32,52,171370,11,4,7,8,,,,,,,,0,0,false,Srednji vezni,portal,2026-01-19 16:10:34.844536+00,,,3f5ca8b9-d920-4000-bf1e-b906d43c04a4,,1,11,17,13,9,6,7,,,,,2026-01-19 16:10:34.844536+00
366,,,2026-01-19 16:10:17.667138,Eduard Maroević,458646241,NT,active,,,,,,,,,,,,,Hrvatska,Nepredvidiv,,false,32,105,242330,13,4,6,8,,,,,,,,11,4,false,Napadač,portal,2026-01-19 16:10:34.844536+00,,,3f5ca8b9-d920-4000-bf1e-b906d43c04a4,,1,2,14,9,15,17,3,,,,,2026-01-19 16:10:34.844536+00
367,,,2026-01-19 16:10:17.667138,Eduardo Cakarun,458170481,NT,active,,,,,,,,,,,,,Hrvatska,,,false,33,51,102530,15,5,6,7,,,,,,,,9,12,true,Vratar,portal,2026-01-19 16:10:34.844536+00,,,3f5ca8b9-d920-4000-bf1e-b906d43c04a4,,20,15,0,0,0,2,22,,,,,2026-01-19 16:10:34.844536+00
368,,,2026-01-19 16:10:17.667138,Eduardo Vidak,462480182,NT,active,,,,,,,,,,,,,Hrvatska,Nepredvidiv,,false,31,29,163920,12,3,6,8,,,,,,,,3,0,false,Bočni igrač,portal,2026-01-19 16:10:34.844536+00,,,3f5ca8b9-d920-4000-bf1e-b906d43c04a4,,1,15,8,16,9,4,15,,,,,2026-01-19 16:10:34.844536+00
369,,,2026-01-19 16:10:17.667138,Elvis Protega,456996416,NT,active,,,,,,,,,,,,,Hrvatska,Nepredvidiv,,false,33,64,132490,14,4,7,7,,,,,,,,0,0,false,Srednji vezni,portal,2026-01-19 16:10:34.844536+00,,,3f5ca8b9-d920-4000-bf1e-b906d43c04a4,,1,9,17,14,11,3,3,,,,,2026-01-19 16:10:34.844536+00
370,,,2026-01-19 16:10:17.667138,Emanuel Šutalo,464695452,NT,active,,,,,,,,,,,,,Hrvatska,Snažan,,false,30,37,265270,10,7,7,7,,,,,,,,0,0,false,Srednji branič,portal,2026-01-19 16:10:34.844536+00,,,3f5ca8b9-d920-4000-bf1e-b906d43c04a4,,1,17,14,4,10,3,9,,,,,2026-01-19 16:10:34.844536+00
371,,,2026-01-19 16:10:17.667138,Ernest Mladenović,470163827,NT,active,,,,,,,,,,,,,Hrvatska,Nepredvidiv,,false,28,70,394340,9,5,7,7,,,,,,,,0,1,false,Srednji vezni,portal,2026-01-19 16:10:34.844536+00,,,3f5ca8b9-d920-4000-bf1e-b906d43c04a4,,1,12,18,3,10,3,1,,,,,2026-01-19 16:10:34.844536+00
372,,,2026-01-19 16:10:17.667138,Ernest Ralević,455609674,NT,active,,,,,,,,,,,,,Hrvatska,Brz,,false,34,29,47840,12,4,7,5,,,,,,,,7,0,false,Srednji vezni,portal,2026-01-19 16:10:34.844536+00,,,3f5ca8b9-d920-4000-bf1e-b906d43c04a4,,1,12,18,2,12,5,2,,,,,2026-01-19 16:10:34.844536+00
373,,,2026-01-19 16:10:17.667138,Fausto 'Surprise' Annicelli,465843900,NT,active,,,,,,,,,,,,,Hrvatska,Snažan,,false,29,88,382580,10,4,6,7,,,,,,,,0,1,false,Srednji branič,portal,2026-01-19 16:10:34.844536+00,,,3f5ca8b9-d920-4000-bf1e-b906d43c04a4,,1,16,17,4,8,7,4,,,,,2026-01-19 16:10:34.844536+00
374,,,2026-01-19 16:10:17.667138,Filip Vrkić,454362542,NT,active,,,,,,,,,,,,,Hrvatska,Snažan,,false,34,80,54930,14,4,6,5,,,,,,,,4,1,false,Srednji vezni,portal,2026-01-19 16:10:34.844536+00,,,3f5ca8b9-d920-4000-bf1e-b906d43c04a4,,0,14,17,2,12,8,10,,,,,2026-01-19 16:10:34.844536+00
375,,,2026-01-19 16:10:17.667138,Fran Batinić,463919295,NT,active,,,,,,,,,,,,,Hrvatska,Tehničar,,false,30,55,366630,12,4,6,7,,,,,,,,13,3,false,Srednji vezni,portal,2026-01-19 16:10:34.844536+00,,,3f5ca8b9-d920-4000-bf1e-b906d43c04a4,,1,12,18,4,13,8,3,,,,,2026-01-19 16:10:34.844536+00
376,,,2026-01-19 16:10:17.667138,Fran Golik,461781831,NT,active,,,,,,,,,,,,,Hrvatska,Nepredvidiv,,false,31,79,103730,10,4,4,6,,,,,,,,5,0,false,Vratar,portal,2026-01-19 16:10:34.844536+00,,,3f5ca8b9-d920-4000-bf1e-b906d43c04a4,,20,15,3,4,5,2,21,,,,,2026-01-19 16:10:34.844536+00
377,,,2026-01-19 16:10:17.667138,Fran Petravić,461462055,NT,active,,,,,,,,,,,,,Hrvatska,Brz,,false,31,80,258140,12,5,7,8,,,,,,,,0,4,false,Srednji vezni,portal,2026-01-19 16:10:34.844536+00,,,3f5ca8b9-d920-4000-bf1e-b906d43c04a4,,1,12,18,5,10,7,13,,,,,2026-01-19 16:10:34.844536+00
378,,,2026-01-19 16:10:17.667138,Frano Lacmanović,463639473,NT,active,,,,,,,,,,,,,Hrvatska,Igra glavom,,false,30,83,268050,10,4,8,8,,,,,,,,0,0,false,Napadač,portal,2026-01-19 16:10:34.844536+00,,,3f5ca8b9-d920-4000-bf1e-b906d43c04a4,,1,6,9,6,8,19,8,,,,,2026-01-19 16:10:34.844536+00
379,,,2026-01-19 16:10:17.667138,Frano Zanki,454811186,NT,active,,,,,,,,,,,,,Hrvatska,Tehničar,,false,34,51,43720,13,1,5,7,,,,,,,,5,0,false,Srednji vezni,portal,2026-01-19 16:10:34.844536+00,,,3f5ca8b9-d920-4000-bf1e-b906d43c04a4,,1,9,17,1,13,2,18,,,,,2026-01-19 16:10:34.844536+00
380,,,2026-01-19 16:10:17.667138,Gabrijel Barbarić,460360516,NT,active,,,,,,,,,,,,,Hrvatska,Brz,,false,32,32,79830,12,4,3,7,,,,,,,,5,0,false,Bočni igrač,portal,2026-01-19 16:10:34.844536+00,,,3f5ca8b9-d920-4000-bf1e-b906d43c04a4,,1,16,8,14,9,5,16,,,,,2026-01-19 16:10:34.844536+00
381,,,2026-01-19 16:10:17.667138,Gabrijel Šunjo,449783708,NT,active,,,,,,,,,,,,,Hrvatska,Igra glavom,,false,36,25,29020,28,3,5,4,,,,,,,,56,37,false,Bočni igrač,portal,2026-01-19 16:10:34.844536+00,,,3f5ca8b9-d920-4000-bf1e-b906d43c04a4,,1,17,4,16,7,1,11,,,,,2026-01-19 16:10:34.844536+00
382,,,2026-01-19 16:10:17.667138,Gašpar Folo,461643000,NT,active,,,,,,,,,,,,,Hrvatska,Tehničar,,false,31,64,324300,12,3,7,8,,,,,,,,0,0,false,Napadač,portal,2026-01-19 16:10:34.844536+00,,,3f5ca8b9-d920-4000-bf1e-b906d43c04a4,,1,3,17,5,13,16,3,,,,,2026-01-19 16:10:34.844536+00
383,,,2026-01-19 16:10:17.667138,Gašpar Pestić,454751573,NT,active,,,,,,,,,,,,,Hrvatska,Igra glavom,,false,34,54,46780,14,6,7,5,,,,,,,,0,0,false,Srednji vezni,portal,2026-01-19 16:10:34.844536+00,,,3f5ca8b9-d920-4000-bf1e-b906d43c04a4,,1,9,16,14,13,3,16,,,,,2026-01-19 16:10:34.844536+00
384,,,2026-01-19 16:10:17.667138,Gašpar 'Eustahije' Šipić,463431084,NT,active,,,,,,,,,,,,,Hrvatska,Brz,,false,30,89,436610,12,3,7,8,,,,,,,,25,15,true,Krilo,portal,2026-01-19 16:10:34.844536+00,,,3f5ca8b9-d920-4000-bf1e-b906d43c04a4,,1,9,17,17,10,6,2,,,,,2026-01-19 16:10:34.844536+00
385,,,2026-01-19 16:10:17.667138,Gašpar 'Modrić' Trglavčnik,454226418,NT,active,,,,,,,,,,,,,Hrvatska,Igra glavom,,false,34,91,66250,18,6,7,7,,,,,,,,21,0,false,Srednji vezni,portal,2026-01-19 16:10:34.844536+00,,,3f5ca8b9-d920-4000-bf1e-b906d43c04a4,,1,13,17,5,14,3,11,,,,,2026-01-19 16:10:34.844536+00
386,,,2026-01-19 16:10:17.667138,Gavrilo Tošić,459154650,NT,active,,,,,,,,,,,,,Hrvatska,Nepredvidiv,,false,32,97,224060,12,2,7,8,,,,,,,,0,5,false,Krilo,portal,2026-01-19 16:10:34.844536+00,,,3f5ca8b9-d920-4000-bf1e-b906d43c04a4,,1,6,16,17,12,4,7,,,,,2026-01-19 16:10:34.844536+00
387,,,2026-01-19 16:10:17.667138,Gianni Caldiero,466032537,NT,active,,,,,,,,,,,,,Hrvatska,,,false,29,74,344550,11,4,7,8,,,,,,,,1,8,false,Bočni igrač,portal,2026-01-19 16:10:34.844536+00,,,3f5ca8b9-d920-4000-bf1e-b906d43c04a4,,1,16,5,17,9,3,7,,,,,2026-01-19 16:10:34.844536+00
388,,,2026-01-19 16:10:17.667138,Gojko Zeljko,462577329,NT,active,,,,,,,,,,,,,Hrvatska,Brz,,false,31,21,309520,9,6,7,7,,,,,,,,1,0,false,Krilo,portal,2026-01-19 16:10:34.844536+00,,,3f5ca8b9-d920-4000-bf1e-b906d43c04a4,,1,11,15,18,11,4,7,,,,,2026-01-19 16:10:34.844536+00
389,,,2026-01-19 16:10:17.667138,Goran Monteduro,463028575,NT,active,,,,,,,,,,,,,Hrvatska,Snažan,,false,30,99,364530,11,1,8,6,,,,,,,,0,15,false,Napadač,portal,2026-01-19 16:10:34.844536+00,,,3f5ca8b9-d920-4000-bf1e-b906d43c04a4,,1,2,14,11,16,14,3,,,,,2026-01-19 16:10:34.844536+00
390,,,2026-01-19 16:10:17.667138,Goran Rašić,452791606,NT,active,,,,,,,,,,,,,Hrvatska,,,false,35,35,71540,20,5,6,7,,,,,,,,32,14,false,Vratar,portal,2026-01-19 16:10:34.844536+00,,,3f5ca8b9-d920-4000-bf1e-b906d43c04a4,,20,14,0,0,0,0,21,,,,,2026-01-19 16:10:34.844536+00
391,,,2026-01-19 16:10:17.667138,Gordan Marijanović,452764481,NT,active,,,,,,,,,,,,,Hrvatska,,,false,35,35,58670,14,6,4,6,,,,,,,,25,7,false,Vratar,portal,2026-01-19 16:10:34.844536+00,,,3f5ca8b9-d920-4000-bf1e-b906d43c04a4,,20,14,0,1,0,1,21,,,,,2026-01-19 16:10:34.844536+00
392,,,2026-01-19 16:10:17.667138,Gordan Markešić,461803057,NT,active,,,,,,,,,,,,,Hrvatska,Igra glavom,,false,31,51,334490,11,3,8,8,,,,,,,,5,0,false,Srednji vezni,portal,2026-01-19 16:10:34.844536+00,,,3f5ca8b9-d920-4000-bf1e-b906d43c04a4,,1,13,18,2,14,3,3,,,,,2026-01-19 16:10:34.844536+00
393,,,2026-01-19 16:10:17.667138,Grga Trdić,470854602,NT,active,,,,,,,,,,,,,Hrvatska,Brz,,false,28,41,332150,9,3,6,7,,,,,,,,0,1,false,Srednji vezni,portal,2026-01-19 16:10:34.844536+00,,,3f5ca8b9-d920-4000-bf1e-b906d43c04a4,,1,13,17,4,13,2,5,,,,,2026-01-19 16:10:34.844536+00
394,,,2026-01-19 16:10:17.667138,Grgo Crnjak,454486816,NT,active,,,,,,,,,,,,,Hrvatska,Snažan,,false,34,74,40240,10,5,6,5,,,,,,,,1,0,false,Srednji vezni,portal,2026-01-19 16:10:34.844536+00,,,3f5ca8b9-d920-4000-bf1e-b906d43c04a4,,0,15,17,6,7,4,2,,,,,2026-01-19 16:10:34.844536+00
395,,,2026-01-19 16:10:17.667138,Grgo Honović,454389201,NT,active,,,,,,,,,,,,,Hrvatska,Brz,,false,34,80,57030,18,6,7,7,,,,,,,,9,15,false,Krilo,portal,2026-01-19 16:10:34.844536+00,,,3f5ca8b9-d920-4000-bf1e-b906d43c04a4,,1,10,14,17,11,4,15,,,,,2026-01-19 16:10:34.844536+00
396,,,2026-01-19 16:10:17.667138,Grgo Rajš,460630402,NT,active,,,,,,,,,,,,,Hrvatska,Nepredvidiv,,false,32,47,79390,11,4,3,6,,,,,,,,0,0,false,Srednji branič,portal,2026-01-19 16:10:34.844536+00,,,3f5ca8b9-d920-4000-bf1e-b906d43c04a4,,1,15,14,2,11,3,9,,,,,2026-01-19 16:10:34.844536+00
397,,,2026-01-19 16:10:17.667138,Gvozden Končarević,466158285,NT,active,,,,,,,,,,,,,Hrvatska,Snažan,,false,29,69,303630,11,4,5,8,,,,,,,,0,9,false,Srednji branič,portal,2026-01-19 16:10:34.844536+00,,,3f5ca8b9-d920-4000-bf1e-b906d43c04a4,,2,16,17,3,5,6,1,,,,,2026-01-19 16:10:34.844536+00
398,,,2026-01-19 16:10:17.667138,Haris Fatkić,459242147,NT,active,,,,,,,,,,,,,Hrvatska,,,false,32,88,247510,16,7,6,8,,,,,,,,11,4,false,Srednji vezni,portal,2026-01-19 16:10:34.844536+00,,,3f5ca8b9-d920-4000-bf1e-b906d43c04a4,,1,13,18,5,13,4,11,,,,,2026-01-19 16:10:34.844536+00
399,,,2026-01-19 16:10:17.667138,Hrvoje Bezbradica,463423206,NT,active,,,,,,,,,,,,,Hrvatska,Igra glavom,,false,30,88,215540,10,4,6,6,,,,,,,,0,4,false,Srednji vezni,portal,2026-01-19 16:10:34.844536+00,,,3f5ca8b9-d920-4000-bf1e-b906d43c04a4,,1,12,15,5,14,7,2,,,,,2026-01-19 16:10:34.844536+00
400,,,2026-01-19 16:10:17.667138,Hrvoje Prelas,458290597,NT,active,,,,,,,,,,,,,Hrvatska,,,false,33,23,117120,13,4,7,7,,,,,,,,0,0,false,Srednji branič,portal,2026-01-19 16:10:34.844536+00,,,3f5ca8b9-d920-4000-bf1e-b906d43c04a4,,1,17,16,3,3,4,7,,,,,2026-01-19 16:10:34.844536+00
404,,,2026-01-19 16:10:17.667138,Ismail Medić,457927688,NT,active,,,,,,,,,,,,,Hrvatska,Igra glavom,,false,34,26,38650,12,7,7,5,,,,,,,,0,0,false,Srednji vezni,portal,2026-01-19 16:10:34.844536+00,,,3f5ca8b9-d920-4000-bf1e-b906d43c04a4,,1,10,18,4,11,8,4,,,,,2026-01-19 16:10:34.844536+00
405,,,2026-01-19 16:10:17.667138,István Csiernyik,456630296,NT,active,,,,,,,,,,,,,Hrvatska,Tehničar,,false,33,91,97760,10,2,6,6,,,,,,,,0,0,false,Napadač,portal,2026-01-19 16:10:34.844536+00,,,3f5ca8b9-d920-4000-bf1e-b906d43c04a4,,1,4,14,5,13,16,11,,,,,2026-01-19 16:10:34.844536+00
406,,,2026-01-19 16:10:17.667138,István Mikóczi,459217958,NT,active,,,,,,,,,,,,,Hrvatska,Brz,,false,32,91,143460,17,7,7,7,,,,,,,,0,22,false,Napadač,portal,2026-01-19 16:10:34.844536+00,,,3f5ca8b9-d920-4000-bf1e-b906d43c04a4,,1,6,11,16,10,14,8,,,,,2026-01-19 16:10:34.844536+00
407,,,2026-01-19 16:10:17.667138,Ivan Jurkić,466192969,NT,active,,,,,,,,,,,,,Hrvatska,Nepredvidiv,,false,29,61,549300,9,2,8,8,,,,,,,,0,5,false,Krilo,portal,2026-01-19 16:10:34.844536+00,,,3f5ca8b9-d920-4000-bf1e-b906d43c04a4,,1,12,15,19,7,8,1,,,,,2026-01-19 16:10:34.844536+00
408,,,2026-01-19 16:10:17.667138,Ivan Mistrić,457137245,NT,active,,,,,,,,,,,,,Hrvatska,,,false,33,54,68720,12,6,6,6,,,,,,,,0,0,false,Bočni igrač,portal,2026-01-19 16:10:34.844536+00,,,3f5ca8b9-d920-4000-bf1e-b906d43c04a4,,1,16,8,14,9,4,9,,,,,2026-01-19 16:10:34.844536+00
409,,,2026-01-19 16:10:17.667138,Ivano Mandić,469331295,NT,active,,,,,,,,,,,,,Hrvatska,Snažan,,false,28,102,443960,10,5,7,7,,,,,,,,0,0,false,Napadač,portal,2026-01-19 16:10:34.844536+00,,,3f5ca8b9-d920-4000-bf1e-b906d43c04a4,,1,4,7,13,13,17,2,,,,,2026-01-19 16:10:34.844536+00
410,,,2026-01-19 16:10:17.667138,Ivo Kovačević,468128063,NT,active,,,,,,,,,,,,,Hrvatska,Tehničar,,false,29,45,451570,9,3,8,7,,,,,,,,0,0,false,Srednji vezni,portal,2026-01-19 16:10:34.844536+00,,,3f5ca8b9-d920-4000-bf1e-b906d43c04a4,,1,6,18,5,16,4,1,,,,,2026-01-19 16:10:34.844536+00
411,,,2026-01-19 16:10:17.667138,Ivo Ombla,460677178,NT,active,,,,,,,,,,,,,Hrvatska,,,false,32,6,162060,11,4,7,7,,,,,,,,0,0,false,Srednji branič,portal,2026-01-19 16:10:34.844536+00,,,3f5ca8b9-d920-4000-bf1e-b906d43c04a4,,1,16,14,5,12,2,16,,,,,2026-01-19 16:10:34.844536+00
412,,,2026-01-19 16:10:17.667138,Izidor Grgić,465726588,NT,active,,,,,,,,,,,,,Hrvatska,Brz,,false,29,99,421030,9,4,8,7,,,,,,,,0,0,false,Napadač,portal,2026-01-19 16:10:34.844536+00,,,3f5ca8b9-d920-4000-bf1e-b906d43c04a4,,1,5,12,16,9,17,6,,,,,2026-01-19 16:10:34.844536+00
413,,,2026-01-19 16:10:17.667138,Jadran Semenčić,455635066,NT,active,,,,,,,,,,,,,Hrvatska,,,false,34,31,35070,12,2,6,7,,,,,,,,0,0,false,Bočni igrač,portal,2026-01-19 16:10:34.844536+00,,,3f5ca8b9-d920-4000-bf1e-b906d43c04a4,,1,18,7,11,9,1,3,,,,,2026-01-19 16:10:34.844536+00
414,,,2026-01-19 16:10:17.667138,Jadranko Dragaš,459708617,NT,active,,,,,,,,,,,,,Hrvatska,Brz,,false,32,54,150130,12,5,8,7,,,,,,,,0,0,false,Napadač,portal,2026-01-19 16:10:34.844536+00,,,3f5ca8b9-d920-4000-bf1e-b906d43c04a4,,1,3,11,12,12,16,8,,,,,2026-01-19 16:10:34.844536+00
415,,,2026-01-19 16:10:17.667138,Jakov Babin,462297480,NT,active,,,,,,,,,,,,,Hrvatska,Igra glavom,,false,31,39,262150,10,3,6,8,,,,,,,,8,0,true,Srednji vezni,portal,2026-01-19 16:10:34.844536+00,,,3f5ca8b9-d920-4000-bf1e-b906d43c04a4,,1,10,19,5,12,9,5,,,,,2026-01-19 16:10:34.844536+00
416,,,2026-01-19 16:10:17.667138,Jakov Bogdan,460825194,NT,active,,,,,,,,,,,,,Hrvatska,Snažan,,false,32,10,209130,10,6,7,8,,,,,,,,0,0,false,Srednji vezni,portal,2026-01-19 16:10:34.844536+00,,,3f5ca8b9-d920-4000-bf1e-b906d43c04a4,,1,13,18,3,13,5,6,,,,,2026-01-19 16:10:34.844536+00
417,,,2026-01-19 16:10:17.667138,Jakov Perović,469187439,NT,active,,,,,,,,,,,,,Hrvatska,Brz,,false,29,3,451220,12,6,7,7,,,,,,,,0,12,false,Srednji vezni,portal,2026-01-19 16:10:34.844536+00,,,3f5ca8b9-d920-4000-bf1e-b906d43c04a4,,1,14,17,11,9,4,7,,,,,2026-01-19 16:10:34.844536+00
418,,,2026-01-19 16:10:17.667138,Jakov Selak,465004986,NT,active,,,,,,,,,,,,,Hrvatska,Snažan,,false,30,17,385060,15,5,8,6,,,,,,,,0,16,false,Srednji vezni,portal,2026-01-19 16:10:34.844536+00,,,3f5ca8b9-d920-4000-bf1e-b906d43c04a4,,1,14,18,11,9,7,6,,,,,2026-01-19 16:10:34.844536+00
419,,,2026-01-19 16:10:17.667138,Jakša Gračanin,460600415,NT,active,,,,,,,,,,,,,Hrvatska,Nepredvidiv,,false,32,50,149950,11,4,6,8,,,,,,,,2,0,false,Srednji branič,portal,2026-01-19 16:10:34.844536+00,,,3f5ca8b9-d920-4000-bf1e-b906d43c04a4,,1,17,14,3,9,2,11,,,,,2026-01-19 16:10:34.844536+00
420,,,2026-01-19 16:10:17.667138,Jan Majić,461741884,NT,active,,,,,,,,,,,,,Hrvatska,,,false,31,59,251340,12,5,6,8,,,,,,,,2,0,false,Srednji vezni,portal,2026-01-19 16:10:34.844536+00,,,3f5ca8b9-d920-4000-bf1e-b906d43c04a4,,1,13,18,6,12,5,19,,,,,2026-01-19 16:10:34.844536+00
421,,,2026-01-19 16:10:17.667138,Jan Šaran,461301641,NT,active,,,,,,,,,,,,,Hrvatska,,,false,31,91,155270,13,6,4,8,,,,,,,,12,10,false,Bočni igrač,portal,2026-01-19 16:10:34.844536+00,,,3f5ca8b9-d920-4000-bf1e-b906d43c04a4,,1,16,9,16,10,3,6,,,,,2026-01-19 16:10:34.844536+00
422,,,2026-01-19 16:10:17.667138,Jerko Kornerović,468709093,NT,active,,,,,,,,,,,,,Hrvatska,Tehničar,,false,29,83,233970,8,3,4,7,,,,,,,,0,0,false,Srednji branič,portal,2026-01-19 16:10:34.844536+00,,,3f5ca8b9-d920-4000-bf1e-b906d43c04a4,,1,16,15,5,12,2,4,,,,,2026-01-19 16:10:34.844536+00
423,,,2026-01-19 16:10:17.667138,Jonas Hartman,460438536,NT,active,,,,,,,,,,,,,Hrvatska,Snažan,,false,32,24,267930,16,5,7,8,,,,,,,,23,12,true,Napadač,portal,2026-01-19 16:10:34.844536+00,,,3f5ca8b9-d920-4000-bf1e-b906d43c04a4,,1,3,16,5,12,18,4,,,,,2026-01-19 16:10:34.844536+00
424,,,2026-01-19 16:10:17.667138,Josip Škorput,458495857,NT,active,,,,,,,,,,,,,Hrvatska,,,false,33,4,181180,11,6,6,8,,,,,,,,0,0,false,Srednji vezni,portal,2026-01-19 16:10:34.844536+00,,,3f5ca8b9-d920-4000-bf1e-b906d43c04a4,,1,14,17,4,12,3,15,,,,,2026-01-19 16:10:34.844536+00
425,,,2026-01-19 16:10:17.667138,Joško Ćosić,461740641,NT,active,,,,,,,,,,,,,Hrvatska,Snažan,,false,31,64,145950,9,5,4,6,,,,,,,,0,0,false,Bočni igrač,portal,2026-01-19 16:10:34.844536+00,,,3f5ca8b9-d920-4000-bf1e-b906d43c04a4,,1,18,2,13,10,5,2,,,,,2026-01-19 16:10:34.844536+00
426,,,2026-01-19 16:10:17.667138,Jozo Hojka,464514245,NT,active,,,,,,,,,,,,,Hrvatska,Snažan,,false,30,61,403430,9,4,7,6,,,,,,,,5,1,false,Bočni igrač,portal,2026-01-19 16:10:34.844536+00,,,3f5ca8b9-d920-4000-bf1e-b906d43c04a4,,1,16,14,17,7,2,1,,,,,2026-01-19 16:10:34.844536+00
427,,,2026-01-19 16:10:17.667138,Jozo Pigac,461998744,NT,active,,,,,,,,,,,,,Hrvatska,Igra glavom,,false,31,49,278890,11,5,6,7,,,,,,,,4,0,false,Srednji vezni,portal,2026-01-19 16:10:34.844536+00,,,3f5ca8b9-d920-4000-bf1e-b906d43c04a4,,1,10,18,2,13,10,6,,,,,2026-01-19 16:10:34.844536+00
428,,,2026-01-19 16:10:17.667138,Jura Malvić,460843313,NT,active,,,,,,,,,,,,,Hrvatska,Brz,,false,31,104,275670,10,5,6,7,,,,,,,,0,6,false,Krilo,portal,2026-01-19 16:10:34.844536+00,,,3f5ca8b9-d920-4000-bf1e-b906d43c04a4,,1,5,16,16,13,7,13,,,,,2026-01-19 16:10:34.844536+00
429,,,2026-01-19 16:10:17.667138,Jure Lenac,458676029,NT,active,,,,,,,,,,,,,Hrvatska,,,false,32,106,135200,14,4,8,8,,,,,,,,6,9,false,Vratar,portal,2026-01-19 16:10:34.844536+00,,,3f5ca8b9-d920-4000-bf1e-b906d43c04a4,,20,14,1,0,1,0,20,,,,,2026-01-19 16:10:34.844536+00
430,,,2026-01-19 16:10:17.667138,Jurica 'Kamisar' Bencun,453293093,NT,active,,,,,,,,,,,,,Hrvatska,Tehničar,,false,34,111,33270,18,5,6,5,,,,,,,,11,10,false,Srednji vezni,portal,2026-01-19 16:10:34.844536+00,,,3f5ca8b9-d920-4000-bf1e-b906d43c04a4,,0,9,17,5,12,8,12,,,,,2026-01-19 16:10:34.844536+00
431,,,2026-01-19 16:10:17.667138,Jurica Milošević,473427839,NT,active,,,,,,,,,,,,,Hrvatska,Igra glavom,,false,27,11,412820,9,4,7,7,,,,,,,,4,6,false,Srednji vezni,portal,2026-01-19 16:10:34.844536+00,,,3f5ca8b9-d920-4000-bf1e-b906d43c04a4,,1,11,17,6,13,6,1,,,,,2026-01-19 16:10:34.844536+00
432,,,2026-01-19 16:10:17.667138,Klaudio Hadić,456635533,NT,active,,,,,,,,,,,,,Hrvatska,Brz,,false,33,89,83670,13,2,6,7,,,,,,,,1,0,false,Bočni igrač,portal,2026-01-19 16:10:34.844536+00,,,3f5ca8b9-d920-4000-bf1e-b906d43c04a4,,1,16,11,14,9,2,10,,,,,2026-01-19 16:10:34.844536+00
433,,,2026-01-19 16:10:17.667138,Krešimir Orlović,462190320,NT,active,,,,,,,,,,,,,Hrvatska,,,false,31,41,106660,11,4,6,6,,,,,,,,0,6,false,Vratar,portal,2026-01-19 16:10:34.844536+00,,,3f5ca8b9-d920-4000-bf1e-b906d43c04a4,,18,14,3,1,2,1,20,,,,,2026-01-19 16:10:34.844536+00
434,,,2026-01-19 16:10:17.667138,Kristijan Bobinac,465775900,NT,active,,,,,,,,,,,,,Hrvatska,Nepredvidiv,,false,30,24,322780,8,5,7,7,,,,,,,,0,0,false,Napadač,portal,2026-01-19 16:10:34.844536+00,,,3f5ca8b9-d920-4000-bf1e-b906d43c04a4,,1,5,12,15,10,16,9,,,,,2026-01-19 16:10:34.844536+00
435,,,2026-01-19 16:10:17.667138,Krsto Telak,456655714,NT,active,,,,,,,,,,,,,Hrvatska,Nepredvidiv,,false,34,2,98510,13,2,6,5,,,,,,,,0,0,false,Srednji vezni,portal,2026-01-19 16:10:34.844536+00,,,3f5ca8b9-d920-4000-bf1e-b906d43c04a4,,1,8,17,3,16,6,14,,,,,2026-01-19 16:10:34.844536+00
436,,,2026-01-19 16:10:17.667138,Krunoslav Mihelić,455658476,NT,active,,,,,,,,,,,,,Hrvatska,Nepredvidiv,,false,34,30,74340,14,6,7,7,,,,,,,,0,8,false,Srednji vezni,portal,2026-01-19 16:10:34.844536+00,,,3f5ca8b9-d920-4000-bf1e-b906d43c04a4,,1,13,17,14,9,9,4,,,,,2026-01-19 16:10:34.844536+00
437,,,2026-01-19 16:10:17.667138,Leo Beusan,464529984,NT,active,,,,,,,,,,,,,Hrvatska,,,false,30,41,236600,9,5,4,6,,,,,,,,0,0,false,Bočni igrač,portal,2026-01-19 16:10:34.844536+00,,,3f5ca8b9-d920-4000-bf1e-b906d43c04a4,,1,18,11,14,7,4,4,,,,,2026-01-19 16:10:34.844536+00
438,,,2026-01-19 16:10:17.667138,Leo Palikuća,460414598,NT,active,,,,,,,,,,,,,Hrvatska,Tehničar,,false,32,30,134800,10,2,5,7,,,,,,,,0,0,false,Napadač,portal,2026-01-19 16:10:34.844536+00,,,3f5ca8b9-d920-4000-bf1e-b906d43c04a4,,1,8,16,4,14,11,5,,,,,2026-01-19 16:10:34.844536+00
439,,,2026-01-19 16:10:17.667138,Leo Penkala,471156723,NT,active,,,,,,,,,,,,,Hrvatska,Nepredvidiv,,false,28,28,295780,7,3,4,7,,,,,,,,3,0,false,Krilo,portal,2026-01-19 16:10:34.844536+00,,,3f5ca8b9-d920-4000-bf1e-b906d43c04a4,,1,11,15,17,9,8,5,,,,,2026-01-19 16:10:34.844536+00
440,,,2026-01-19 16:10:17.667138,Leon Safundžić,460075243,NT,active,,,,,,,,,,,,,Hrvatska,Igra glavom,,false,32,45,149460,11,3,6,8,,,,,,,,3,0,false,Srednji branič,portal,2026-01-19 16:10:34.844536+00,,,3f5ca8b9-d920-4000-bf1e-b906d43c04a4,,1,16,15,2,11,4,9,,,,,2026-01-19 16:10:34.844536+00
441,,,2026-01-19 16:10:17.667138,Lino Dangubić,458140010,NT,active,,,,,,,,,,,,,Hrvatska,,,false,33,28,84540,14,4,5,7,,,,,,,,0,6,false,Bočni igrač,portal,2026-01-19 16:10:34.844536+00,,,3f5ca8b9-d920-4000-bf1e-b906d43c04a4,,1,14,12,15,11,4,5,,,,,2026-01-19 16:10:34.844536+00
442,,,2026-01-19 16:10:17.667138,Lino Markić,458081670,NT,active,,,,,,,,,,,,,Hrvatska,Tehničar,,false,33,35,117430,12,4,6,8,,,,,,,,0,0,false,Napadač,portal,2026-01-19 16:10:34.844536+00,,,3f5ca8b9-d920-4000-bf1e-b906d43c04a4,,1,3,14,6,16,13,12,,,,,2026-01-19 16:10:34.844536+00
443,,,2026-01-19 16:10:17.667138,Lino Paprika,465050698,NT,active,,,,,,,,,,,,,Hrvatska,Snažan,,false,30,10,261580,9,4,5,6,,,,,,,,1,0,false,Srednji branič,portal,2026-01-19 16:10:34.844536+00,,,3f5ca8b9-d920-4000-bf1e-b906d43c04a4,,1,18,15,5,7,4,2,,,,,2026-01-19 16:10:34.844536+00
444,,,2026-01-19 16:10:17.667138,Lino Šišara,463528146,NT,active,,,,,,,,,,,,,Hrvatska,Igra glavom,,false,30,80,326480,10,2,8,8,,,,,,,,0,0,false,Srednji branič,portal,2026-01-19 16:10:34.844536+00,,,3f5ca8b9-d920-4000-bf1e-b906d43c04a4,,1,16,16,2,10,3,4,,,,,2026-01-19 16:10:34.844536+00
445,,,2026-01-19 16:10:17.667138,Lóránt Tabajdi,460422573,NT,active,,,,,,,,,,,,,Hrvatska,Nepredvidiv,,false,32,26,234270,9,6,6,8,,,,,,,,0,0,false,Krilo,portal,2026-01-19 16:10:34.844536+00,,,3f5ca8b9-d920-4000-bf1e-b906d43c04a4,,1,6,16,18,12,3,15,,,,,2026-01-19 16:10:34.844536+00
446,,,2026-01-19 16:10:17.667138,Lovor 'Cevapcici' Počina,465772983,NT,active,,,,,,,,,,,,,Hrvatska,Nepredvidiv,,false,29,96,510290,11,6,8,7,,,,,,,,7,13,false,Krilo,portal,2026-01-19 16:10:34.844536+00,,,3f5ca8b9-d920-4000-bf1e-b906d43c04a4,,1,11,16,19,5,3,2,,,,,2026-01-19 16:10:34.844536+00
447,,,2026-01-19 16:10:17.667138,Lovor Posavec,459626915,NT,active,,,,,,,,,,,,,Hrvatska,Tehničar,,false,32,60,117790,12,6,8,6,,,,,,,,0,0,false,Srednji branič,portal,2026-01-19 16:10:34.844536+00,,,3f5ca8b9-d920-4000-bf1e-b906d43c04a4,,1,17,10,6,11,3,13,,,,,2026-01-19 16:10:34.844536+00
448,,,2026-01-19 16:10:17.667138,Luka Faris,459302395,NT,active,,,,,,,,,,,,,Hrvatska,Brz,,false,32,87,217020,13,5,7,8,,,,,,,,0,0,false,Krilo,portal,2026-01-19 16:10:34.844536+00,,,3f5ca8b9-d920-4000-bf1e-b906d43c04a4,,1,10,15,17,10,7,7,,,,,2026-01-19 16:10:34.844536+00
449,,,2026-01-19 16:10:17.667138,Luka Garašić,458281527,NT,active,,,,,,,,,,,,,Hrvatska,Igra glavom,,false,33,28,143760,15,5,8,8,,,,,,,,27,9,true,Srednji branič,portal,2026-01-19 16:10:34.844536+00,,,3f5ca8b9-d920-4000-bf1e-b906d43c04a4,,1,17,16,2,10,3,15,,,,,2026-01-19 16:10:34.844536+00
450,,,2026-01-19 16:10:17.667138,Ljudevit Kunić,459214742,NT,active,,,,,,,,,,,,,Hrvatska,Igra glavom,,false,32,100,171220,11,3,7,8,,,,,,,,0,0,false,Srednji vezni,portal,2026-01-19 16:10:34.844536+00,,,3f5ca8b9-d920-4000-bf1e-b906d43c04a4,,1,11,17,13,10,2,8,,,,,2026-01-19 16:10:34.844536+00
451,,,2026-01-19 16:10:17.667138,Marcel Meštrović,456532979,NT,active,,,,,,,,,,,,,Hrvatska,Igra glavom,,false,33,97,142590,13,5,8,7,,,,,,,,0,0,false,Srednji vezni,portal,2026-01-19 16:10:34.844536+00,,,3f5ca8b9-d920-4000-bf1e-b906d43c04a4,,1,10,18,14,9,4,5,,,,,2026-01-19 16:10:34.844536+00
452,,,2026-01-19 16:10:17.667138,Marcelo Jerković,472826394,NT,active,,,,,,,,,,,,,Hrvatska,Nepredvidiv,,false,27,51,377210,8,1,7,7,,,,,,,,0,1,false,Bočni igrač,portal,2026-01-19 16:10:34.844536+00,,,3f5ca8b9-d920-4000-bf1e-b906d43c04a4,,1,16,10,15,9,4,4,,,,,2026-01-19 16:10:34.844536+00
453,,,2026-01-19 16:10:17.667138,Marijan Tičinović,458047803,NT,active,,,,,,,,,,,,,Hrvatska,Snažan,,false,33,33,126170,12,4,6,8,,,,,,,,0,0,false,Srednji vezni,portal,2026-01-19 16:10:34.844536+00,,,3f5ca8b9-d920-4000-bf1e-b906d43c04a4,,2,15,17,4,11,5,15,,,,,2026-01-19 16:10:34.844536+00
454,,,2026-01-19 16:10:17.667138,Marin Hektorović,454594597,NT,active,,,,,,,,,,,,,Hrvatska,Tehničar,,false,34,76,40970,13,4,5,5,,,,,,,,0,0,false,Srednji vezni,portal,2026-01-19 16:10:34.844536+00,,,3f5ca8b9-d920-4000-bf1e-b906d43c04a4,,1,13,17,2,12,5,4,,,,,2026-01-19 16:10:34.844536+00
455,,,2026-01-19 16:10:17.667138,Marin Liposinović,471385434,NT,active,,,,,,,,,,,,,Hrvatska,Igra glavom,,false,28,12,322840,9,3,5,7,,,,,,,,0,2,false,Srednji branič,portal,2026-01-19 16:10:34.844536+00,,,3f5ca8b9-d920-4000-bf1e-b906d43c04a4,,2,17,15,8,5,3,3,,,,,2026-01-19 16:10:34.844536+00
456,,,2026-01-19 16:10:17.667138,Marin 'Veslač' Sinković,469185639,NT,active,,,,,,,,,,,,,Hrvatska,Brz,,false,29,0,241830,10,3,6,8,,,,,,,,0,0,false,Napadač,portal,2026-01-19 16:10:34.844536+00,,,3f5ca8b9-d920-4000-bf1e-b906d43c04a4,,1,3,11,10,11,17,7,,,,,2026-01-19 16:10:34.844536+00
457,,,2026-01-19 16:10:17.667138,Marin Vrančić,465849082,NT,active,,,,,,,,,,,,,Hrvatska,Nepredvidiv,,false,29,90,290300,8,5,6,8,,,,,,,,0,0,false,Srednji branič,portal,2026-01-19 16:10:34.844536+00,,,3f5ca8b9-d920-4000-bf1e-b906d43c04a4,,1,16,16,8,6,5,4,,,,,2026-01-19 16:10:34.844536+00
458,,,2026-01-19 16:10:17.667138,Mario Bucić,462055947,NT,active,,,,,,,,,,,,,Hrvatska,Igra glavom,,false,31,46,236080,12,3,6,8,,,,,,,,0,0,false,Srednji vezni,portal,2026-01-19 16:10:34.844536+00,,,3f5ca8b9-d920-4000-bf1e-b906d43c04a4,,1,12,18,10,11,2,12,,,,,2026-01-19 16:10:34.844536+00
459,,,2026-01-19 16:10:17.667138,Mario Kruljac,472793936,NT,active,,,,,,,,,,,,,Hrvatska,Nepredvidiv,,false,27,49,330650,9,6,5,7,,,,,,,,0,1,false,Bočni igrač,portal,2026-01-19 16:10:34.844536+00,,,3f5ca8b9-d920-4000-bf1e-b906d43c04a4,,1,16,9,15,9,2,1,,,,,2026-01-19 16:10:34.844536+00
460,,,2026-01-19 16:10:17.667138,Mario 'Super Mario' Tanta,460803900,NT,active,,,,,,,,,,,,,Hrvatska,Tehničar,,false,32,9,269650,12,6,8,8,,,,,,,,0,0,false,Napadač,portal,2026-01-19 16:10:34.844536+00,,,3f5ca8b9-d920-4000-bf1e-b906d43c04a4,,1,3,14,6,17,14,12,,,,,2026-01-19 16:10:34.844536+00
461,,,2026-01-19 16:10:17.667138,Marjan Potočnik,461644868,NT,active,,,,,,,,,,,,,Hrvatska,Igra glavom,,false,31,65,331320,13,4,7,8,,,,,,,,2,3,false,Srednji vezni,portal,2026-01-19 16:10:34.844536+00,,,3f5ca8b9-d920-4000-bf1e-b906d43c04a4,,1,12,16,16,11,7,5,,,,,2026-01-19 16:10:34.844536+00
462,,,2026-01-19 16:10:17.667138,Marko Ažić,468841487,NT,active,,,,,,,,,,,,,Hrvatska,Brz,,false,29,24,361610,11,5,6,7,,,,,,,,6,20,false,Napadač,portal,2026-01-19 16:10:34.844536+00,,,3f5ca8b9-d920-4000-bf1e-b906d43c04a4,,1,3,13,8,11,18,2,,,,,2026-01-19 16:10:34.844536+00
463,,,2026-01-19 16:10:17.667138,Marko Umrlić,460706204,NT,active,,,,,,,,,,,,,Hrvatska,Tehničar,,false,32,3,198980,11,3,7,7,,,,,,,,0,0,false,Napadač,portal,2026-01-19 16:10:34.844536+00,,,3f5ca8b9-d920-4000-bf1e-b906d43c04a4,,1,4,11,12,11,17,10,,,,,2026-01-19 16:10:34.844536+00
464,,,2026-01-19 16:10:17.667138,Martin Furčić,470339070,NT,active,,,,,,,,,,,,,Hrvatska,Brz,,false,28,58,239040,10,4,6,7,,,,,,,,0,0,false,Bočni igrač,portal,2026-01-19 16:10:34.844536+00,,,3f5ca8b9-d920-4000-bf1e-b906d43c04a4,,2,16,9,15,5,3,17,,,,,2026-01-19 16:10:34.844536+00
465,,,2026-01-19 16:10:17.667138,Mateo Kovačić,464809666,NT,active,,,,,,,,,,,,,Hrvatska,Igra glavom,,false,30,27,244590,10,1,5,7,,,,,,,,0,0,false,Srednji vezni,portal,2026-01-19 16:10:34.844536+00,,,3f5ca8b9-d920-4000-bf1e-b906d43c04a4,,1,11,18,6,12,7,11,,,,,2026-01-19 16:10:34.844536+00
466,,,2026-01-19 16:10:17.667138,Mateo Piknjač,452994307,NT,active,,,,,,,,,,,,,Hrvatska,Brz,,false,35,22,45780,19,5,5,5,,,,,,,,25,0,false,Krilo,portal,2026-01-19 16:10:34.844536+00,,,3f5ca8b9-d920-4000-bf1e-b906d43c04a4,,1,10,15,16,12,4,14,,,,,2026-01-19 16:10:34.844536+00
467,,,2026-01-19 16:10:17.667138,Mato Zrnčić,463854575,NT,active,,,,,,,,,,,,,Hrvatska,Snažan,,false,30,65,424760,16,7,7,8,,,,,,,,16,25,false,Srednji vezni,portal,2026-01-19 16:10:34.844536+00,,,3f5ca8b9-d920-4000-bf1e-b906d43c04a4,,1,15,18,8,11,6,10,,,,,2026-01-19 16:10:34.844536+00
468,,,2026-01-19 16:10:17.667138,Mihael Kelečić,463918183,NT,active,,,,,,,,,,,,,Hrvatska,,,false,30,55,380590,13,4,6,8,,,,,,,,1,4,false,Srednji vezni,portal,2026-01-19 16:10:34.844536+00,,,3f5ca8b9-d920-4000-bf1e-b906d43c04a4,,1,12,18,7,13,9,10,,,,,2026-01-19 16:10:34.844536+00
469,,,2026-01-19 16:10:17.667138,Miho Oljica,464846355,NT,active,,,,,,,,,,,,,Hrvatska,Igra glavom,,false,30,35,213080,10,2,8,6,,,,,,,,0,0,false,Srednji branič,portal,2026-01-19 16:10:34.844536+00,,,3f5ca8b9-d920-4000-bf1e-b906d43c04a4,,1,16,14,4,9,5,16,,,,,2026-01-19 16:10:34.844536+00
470,,,2026-01-19 16:10:17.667138,Miho Palada,463881793,NT,active,,,,,,,,,,,,,Hrvatska,Nepredvidiv,,false,30,76,125290,9,4,7,7,,,,,,,,0,0,false,Vratar,portal,2026-01-19 16:10:34.844536+00,,,3f5ca8b9-d920-4000-bf1e-b906d43c04a4,,19,15,4,5,5,4,17,,,,,2026-01-19 16:10:34.844536+00
471,,,2026-01-19 16:10:17.667138,Mijat Bogićević,459333641,NT,active,,,,,,,,,,,,,Hrvatska,,,false,32,81,227450,14,1,6,8,,,,,,,,6,0,false,Srednji vezni,portal,2026-01-19 16:10:34.844536+00,,,3f5ca8b9-d920-4000-bf1e-b906d43c04a4,,1,13,18,2,13,7,10,,,,,2026-01-19 16:10:34.844536+00
472,,,2026-01-19 16:10:17.667138,Mijo Ban,450280884,NT,active,,,,,,,,,,,,,Hrvatska,Brz,,false,35,106,49370,27,4,7,7,,,,,,,,42,24,true,Bočni igrač,portal,2026-01-19 16:10:34.844536+00,,,3f5ca8b9-d920-4000-bf1e-b906d43c04a4,,0,16,6,16,8,2,10,,,,,2026-01-19 16:10:34.844536+00
473,,,2026-01-19 16:10:17.667138,Mijo Crvelin,453256849,NT,active,,,,,,,,,,,,,Hrvatska,Nepredvidiv,,false,35,25,48350,18,5,7,5,,,,,,,,13,15,false,Krilo,portal,2026-01-19 16:10:34.844536+00,,,3f5ca8b9-d920-4000-bf1e-b906d43c04a4,,1,10,15,16,12,3,14,,,,,2026-01-19 16:10:34.844536+00
474,,,2026-01-19 16:10:17.667138,Mijo Stanić,460225495,NT,active,,,,,,,,,,,,,Hrvatska,,,false,32,39,165120,13,4,8,8,,,,,,,,0,0,false,Srednji vezni,portal,2026-01-19 16:10:34.844536+00,,,3f5ca8b9-d920-4000-bf1e-b906d43c04a4,,1,13,17,5,8,10,20,,,,,2026-01-19 16:10:34.844536+00
475,,,2026-01-19 16:10:17.667138,Milan Simić,462104773,NT,active,,,,,,,,,,,,,Hrvatska,Snažan,,false,31,44,322240,14,3,6,8,,,,,,,,15,16,true,Srednji vezni,portal,2026-01-19 16:10:34.844536+00,,,3f5ca8b9-d920-4000-bf1e-b906d43c04a4,,1,14,19,5,10,8,9,,,,,2026-01-19 16:10:34.844536+00
476,,,2026-01-19 16:10:17.667138,Mile Jerković,457967991,NT,active,,,,,,,,,,,,,Hrvatska,Igra glavom,,false,33,36,140640,15,2,7,8,,,,,,,,0,18,false,Krilo,portal,2026-01-19 16:10:34.844536+00,,,3f5ca8b9-d920-4000-bf1e-b906d43c04a4,,1,10,15,17,11,6,16,,,,,2026-01-19 16:10:34.844536+00
477,,,2026-01-19 16:10:17.667138,Miro Lozo,460876235,NT,active,,,,,,,,,,,,,Hrvatska,Brz,,false,31,101,163230,16,4,6,8,,,,,,,,1,1,false,Bočni igrač,portal,2026-01-19 16:10:34.844536+00,,,3f5ca8b9-d920-4000-bf1e-b906d43c04a4,,1,16,8,15,8,5,18,,,,,2026-01-19 16:10:34.844536+00
478,,,2026-01-19 16:10:17.667138,Miroslav Oliva,469928944,NT,active,,,,,,,,,,,,,Hrvatska,Timski igrač,,false,28,87,429440,10,1,7,7,,,,,,,,0,0,false,Srednji branič,portal,2026-01-19 16:10:34.844536+00,,,3f5ca8b9-d920-4000-bf1e-b906d43c04a4,,1,17,16,5,8,3,1,,,,,2026-01-19 16:10:34.844536+00
479,,,2026-01-19 16:10:17.667138,Mislav Bošnjak,462122905,NT,active,,,,,,,,,,,,,Hrvatska,Snažan,,false,31,42,235400,6,5,7,7,,,,,,,,1,0,false,Srednji branič,portal,2026-01-19 16:10:34.844536+00,,,3f5ca8b9-d920-4000-bf1e-b906d43c04a4,,1,16,16,3,11,4,9,,,,,2026-01-19 16:10:34.844536+00
480,,,2026-01-19 16:10:17.667138,Mislav Kaleb,463439383,NT,active,,,,,,,,,,,,,Hrvatska,Snažan,,false,30,88,371960,8,1,7,7,,,,,,,,0,0,false,Napadač,portal,2026-01-19 16:10:34.844536+00,,,3f5ca8b9-d920-4000-bf1e-b906d43c04a4,,1,5,16,3,13,15,1,,,,,2026-01-19 16:10:34.844536+00
481,,,2026-01-19 16:10:17.667138,Mišo Novičević,474158808,NT,active,,,,,,,,,,,,,Hrvatska,Snažan,,false,26,106,359010,8,4,6,7,,,,,,,,3,0,false,Srednji branič,portal,2026-01-19 16:10:34.844536+00,,,3f5ca8b9-d920-4000-bf1e-b906d43c04a4,,1,15,17,4,5,6,3,,,,,2026-01-19 16:10:34.844536+00
482,,,2026-01-19 16:10:17.667138,Mladen Durbić,466104319,NT,active,,,,,,,,,,,,,Hrvatska,,,false,29,68,366380,8,3,8,6,,,,,,,,0,3,false,Srednji branič,portal,2026-01-19 16:10:34.844536+00,,,3f5ca8b9-d920-4000-bf1e-b906d43c04a4,,1,17,15,6,10,3,5,,,,,2026-01-19 16:10:34.844536+00
483,,,2026-01-19 16:10:17.667138,Mladen Fabijan,456773464,NT,active,,,,,,,,,,,,,Hrvatska,Nepredvidiv,,false,33,80,117680,20,5,7,7,,,,,,,,41,8,true,Srednji branič,portal,2026-01-19 16:10:34.844536+00,,,3f5ca8b9-d920-4000-bf1e-b906d43c04a4,,1,17,15,3,8,5,16,,,,,2026-01-19 16:10:34.844536+00
484,,,2026-01-19 16:10:17.667138,Mladen Jurin,459299430,NT,active,,,,,,,,,,,,,Hrvatska,Brz,,false,32,96,181010,11,6,6,8,,,,,,,,0,0,false,Krilo,portal,2026-01-19 16:10:34.844536+00,,,3f5ca8b9-d920-4000-bf1e-b906d43c04a4,,1,8,15,17,12,6,10,,,,,2026-01-19 16:10:34.844536+00
485,,,2026-01-19 16:10:17.667138,Natko Kurtov,461587273,NT,active,,,,,,,,,,,,,Hrvatska,Igra glavom,,false,31,68,279380,11,4,7,7,,,,,,,,8,0,false,Napadač,portal,2026-01-19 16:10:34.844536+00,,,3f5ca8b9-d920-4000-bf1e-b906d43c04a4,,1,3,12,10,15,16,6,,,,,2026-01-19 16:10:34.844536+00
486,,,2026-01-19 16:10:17.667138,Nediljko Honović,462931590,NT,active,,,,,,,,,,,,,Hrvatska,Nepredvidiv,,false,30,106,509120,15,2,8,8,,,,,,,,19,10,true,Krilo,portal,2026-01-19 16:10:34.844536+00,,,3f5ca8b9-d920-4000-bf1e-b906d43c04a4,,1,13,16,19,7,8,3,,,,,2026-01-19 16:10:34.844536+00
487,,,2026-01-19 16:10:17.667138,Nedjeljko Bralić,469312663,NT,active,,,,,,,,,,,,,Hrvatska,Snažan,,false,28,103,443450,10,3,7,6,,,,,,,,0,3,false,Srednji vezni,portal,2026-01-19 16:10:34.844536+00,,,3f5ca8b9-d920-4000-bf1e-b906d43c04a4,,1,15,18,3,9,4,4,,,,,2026-01-19 16:10:34.844536+00
488,,,2026-01-19 16:10:17.667138,Nedjeljko 'Gold Foot' Parać,454154758,NT,active,,,,,,,,,,,,,Hrvatska,Brz,,false,34,96,44260,15,4,5,6,,,,,,,,1,13,false,Krilo,portal,2026-01-19 16:10:34.844536+00,,,3f5ca8b9-d920-4000-bf1e-b906d43c04a4,,1,10,15,16,9,5,16,,,,,2026-01-19 16:10:34.844536+00
489,,,2026-01-19 16:10:17.667138,Nenad Mažer,460067103,NT,active,,,,,,,,,,,,,Hrvatska,Nepredvidiv,,false,32,46,128850,10,3,8,6,,,,,,,,0,0,false,Napadač,portal,2026-01-19 16:10:34.844536+00,,,3f5ca8b9-d920-4000-bf1e-b906d43c04a4,,1,3,15,3,13,16,7,,,,,2026-01-19 16:10:34.844536+00
490,,,2026-01-19 16:10:17.667138,Neven Kalođera,472779236,NT,active,,,,,,,,,,,,,Hrvatska,Igra glavom,,false,27,49,253720,9,3,5,7,,,,,,,,3,3,false,Srednji vezni,portal,2026-01-19 16:10:34.844536+00,,,3f5ca8b9-d920-4000-bf1e-b906d43c04a4,,1,12,17,5,12,7,2,,,,,2026-01-19 16:10:34.844536+00
491,,,2026-01-19 16:10:17.667138,Neven Pederin,457921293,NT,active,,,,,,,,,,,,,Hrvatska,Snažan,,false,33,38,108770,12,3,7,8,,,,,,,,10,0,false,Bočni igrač,portal,2026-01-19 16:10:34.844536+00,,,3f5ca8b9-d920-4000-bf1e-b906d43c04a4,,1,16,6,16,9,4,3,,,,,2026-01-19 16:10:34.844536+00
492,,,2026-01-19 16:10:17.667138,Neven Pejar,458421722,NT,active,,,,,,,,,,,,,Hrvatska,Igra glavom,,false,33,18,114740,14,4,5,6,,,,,,,,7,4,false,Srednji vezni,portal,2026-01-19 16:10:34.844536+00,,,3f5ca8b9-d920-4000-bf1e-b906d43c04a4,,1,12,18,3,15,5,3,,,,,2026-01-19 16:10:34.844536+00
493,,,2026-01-19 16:10:17.667138,Neven Sušenko,471424325,NT,active,,,,,,,,,,,,,Hrvatska,Nepredvidiv,,false,28,8,232500,8,6,6,7,,,,,,,,0,0,false,Napadač,portal,2026-01-19 16:10:34.844536+00,,,3f5ca8b9-d920-4000-bf1e-b906d43c04a4,,1,3,4,4,15,15,3,,,,,2026-01-19 16:10:34.844536+00
494,,,2026-01-19 16:10:17.667138,Niko Strikoman,465833884,NT,active,,,,,,,,,,,,,Hrvatska,,,false,29,89,423330,12,3,7,8,,,,,,,,0,12,false,Srednji vezni,portal,2026-01-19 16:10:34.844536+00,,,3f5ca8b9-d920-4000-bf1e-b906d43c04a4,,1,11,18,4,14,8,9,,,,,2026-01-19 16:10:34.844536+00
495,,,2026-01-19 16:10:17.667138,Nikola Peteh,453634103,NT,active,,,,,,,,,,,,,Hrvatska,,,false,34,98,35200,15,3,6,6,,,,,,,,0,9,false,Bočni igrač,portal,2026-01-19 16:10:34.844536+00,,,3f5ca8b9-d920-4000-bf1e-b906d43c04a4,,1,15,10,13,11,1,11,,,,,2026-01-19 16:10:34.844536+00
496,,,2026-01-19 16:10:17.667138,Nikola Steković,461754333,NT,active,,,,,,,,,,,,,Hrvatska,Brz,,false,32,54,112130,10,3,6,6,,,,,,,,0,0,false,Srednji branič,portal,2026-01-19 16:10:34.844536+00,,,3f5ca8b9-d920-4000-bf1e-b906d43c04a4,,1,18,13,5,7,2,5,,,,,2026-01-19 16:10:34.844536+00
497,,,2026-01-19 16:10:17.667138,Nino Gržan,463832192,NT,active,,,,,,,,,,,,,Hrvatska,Snažan,,false,30,62,323480,11,4,4,8,,,,,,,,0,5,false,Srednji branič,portal,2026-01-19 16:10:34.844536+00,,,3f5ca8b9-d920-4000-bf1e-b906d43c04a4,,1,17,11,6,16,3,2,,,,,2026-01-19 16:10:34.844536+00
498,,,2026-01-19 16:10:17.667138,Noa Cakarun,462826078,NT,active,,,,,,,,,,,,,Hrvatska,Brz,,false,31,105,201760,15,3,7,8,,,,,,,,12,0,false,Bočni igrač,portal,2026-01-19 16:10:34.844536+00,,,3f5ca8b9-d920-4000-bf1e-b906d43c04a4,,1,17,10,14,7,2,14,,,,,2026-01-19 16:10:34.844536+00
499,,,2026-01-19 16:10:17.667138,Nolan 'Lolo' Pekić,460618245,NT,active,,,,,,,,,,,,,Hrvatska,Brz,,false,32,12,192360,10,3,7,7,,,,,,,,0,3,false,Krilo,portal,2026-01-19 16:10:34.844536+00,,,3f5ca8b9-d920-4000-bf1e-b906d43c04a4,,1,10,16,17,9,4,6,,,,,2026-01-19 16:10:34.844536+00
500,,,2026-01-19 16:10:17.667138,Nolan Saša,458177991,NT,active,,,,,,,,,,,,,Hrvatska,Igra glavom,,false,33,63,110230,15,5,7,8,,,,,,,,0,1,false,Krilo,portal,2026-01-19 16:10:34.844536+00,,,3f5ca8b9-d920-4000-bf1e-b906d43c04a4,,1,10,15,15,12,2,15,,,,,2026-01-19 16:10:34.844536+00
501,,,2026-01-19 16:10:17.667138,Nolen Dolenc,450082654,NT,active,,,,,,,,,,,,,Hrvatska,Igra glavom,,false,36,27,28060,17,5,7,6,,,,,,,,10,12,false,Bočni igrač,portal,2026-01-19 16:10:34.844536+00,,,3f5ca8b9-d920-4000-bf1e-b906d43c04a4,,0,17,4,13,2,0,19,,,,,2026-01-19 16:10:34.844536+00
502,,,2026-01-19 16:10:17.667138,Nolen Kralj,460698013,NT,active,,,,,,,,,,,,,Hrvatska,Brz,,false,32,4,283060,12,5,8,7,,,,,,,,2,8,false,Napadač,portal,2026-01-19 16:10:34.844536+00,,,3f5ca8b9-d920-4000-bf1e-b906d43c04a4,,1,3,12,14,11,17,2,,,,,2026-01-19 16:10:34.844536+00
503,,,2026-01-19 16:10:17.667138,Nolen 'Crocop' Lisac,458118368,NT,active,,,,,,,,,,,,,Hrvatska,Igra glavom,,false,33,29,72290,12,6,7,6,,,,,,,,0,0,false,Srednji vezni,portal,2026-01-19 16:10:34.844536+00,,,3f5ca8b9-d920-4000-bf1e-b906d43c04a4,,1,11,17,3,9,9,20,,,,,2026-01-19 16:10:34.844536+00
504,,,2026-01-19 16:10:17.667138,Oleg Duka,461793118,NT,active,,,,,,,,,,,,,Hrvatska,Brz,,false,31,52,172980,11,6,5,8,,,,,,,,4,0,false,Bočni igrač,portal,2026-01-19 16:10:34.844536+00,,,3f5ca8b9-d920-4000-bf1e-b906d43c04a4,,1,15,11,15,8,3,6,,,,,2026-01-19 16:10:34.844536+00
505,,,2026-01-19 16:10:17.667138,Oleg Kraljević,461474002,NT,active,,,,,,,,,,,,,Hrvatska,,,false,31,77,134410,12,5,7,8,,,,,,,,3,22,false,Vratar,portal,2026-01-19 16:10:34.844536+00,,,3f5ca8b9-d920-4000-bf1e-b906d43c04a4,,19,15,2,1,0,0,22,,,,,2026-01-19 16:10:34.844536+00
506,,,2026-01-19 16:10:17.667138,Oliver Murk,461574682,NT,active,,,,,,,,,,,,,Hrvatska,Nepredvidiv,,false,31,69,188410,13,5,6,7,,,,,,,,0,8,false,Napadač,portal,2026-01-19 16:10:34.844536+00,,,3f5ca8b9-d920-4000-bf1e-b906d43c04a4,,1,5,12,5,13,16,3,,,,,2026-01-19 16:10:34.844536+00
507,,,2026-01-19 16:10:17.667138,Pavle Staničić,453117789,NT,active,,,,,,,,,,,,,Hrvatska,Tehničar,,false,35,12,52270,15,5,8,5,,,,,,,,9,0,false,Krilo,portal,2026-01-19 16:10:34.844536+00,,,3f5ca8b9-d920-4000-bf1e-b906d43c04a4,,1,9,15,16,12,4,14,,,,,2026-01-19 16:10:34.844536+00
508,,,2026-01-19 16:10:17.667138,Perica Preobraženski,454605115,NT,active,,,,,,,,,,,,,Hrvatska,,,false,34,66,43640,13,3,5,6,,,,,,,,0,0,false,Srednji vezni,portal,2026-01-19 16:10:34.844536+00,,,3f5ca8b9-d920-4000-bf1e-b906d43c04a4,,0,10,17,6,14,3,13,,,,,2026-01-19 16:10:34.844536+00
509,,,2026-01-19 16:10:17.667138,Pero Balić,456912816,NT,active,,,,,,,,,,,,,Hrvatska,Nepredvidiv,,false,33,68,166130,13,6,7,8,,,,,,,,0,2,false,Krilo,portal,2026-01-19 16:10:34.844536+00,,,3f5ca8b9-d920-4000-bf1e-b906d43c04a4,,1,11,16,17,10,7,4,,,,,2026-01-19 16:10:34.844536+00
510,,,2026-01-19 16:10:17.667138,Pero Reić,469078379,NT,active,,,,,,,,,,,,,Hrvatska,Nepredvidiv,,false,29,16,194270,9,5,5,7,,,,,,,,0,1,false,Bočni igrač,portal,2026-01-19 16:10:34.844536+00,,,3f5ca8b9-d920-4000-bf1e-b906d43c04a4,,1,16,5,15,10,4,5,,,,,2026-01-19 16:10:34.844536+00
511,,,2026-01-19 16:10:17.667138,Ratko Ciliga,462868090,NT,active,,,,,,,,,,,,,Hrvatska,Igra glavom,,false,30,111,350980,12,5,7,7,,,,,,,,9,0,true,Srednji vezni,portal,2026-01-19 16:10:34.844536+00,,,3f5ca8b9-d920-4000-bf1e-b906d43c04a4,,1,12,19,6,11,4,3,,,,,2026-01-19 16:10:34.844536+00
512,,,2026-01-19 16:10:17.667138,Ratko Saratlija,455670171,NT,active,,,,,,,,,,,,,Hrvatska,Igra glavom,,false,34,24,38990,14,4,6,6,,,,,,,,1,7,false,Napadač,portal,2026-01-19 16:10:34.844536+00,,,3f5ca8b9-d920-4000-bf1e-b906d43c04a4,,1,2,11,15,10,15,13,,,,,2026-01-19 16:10:34.844536+00
513,,,2026-01-19 16:10:17.667138,Ratko Stakić,460587455,NT,active,,,,,,,,,,,,,Hrvatska,,,false,32,15,257520,14,4,8,8,,,,,,,,16,0,true,Bočni igrač,portal,2026-01-19 16:10:34.844536+00,,,3f5ca8b9-d920-4000-bf1e-b906d43c04a4,,1,17,9,16,12,4,8,,,,,2026-01-19 16:10:34.844536+00
514,,,2026-01-19 16:10:17.667138,Renato Čohilj,473509786,NT,active,,,,,,,,,,,,,Hrvatska,Nepredvidiv,,false,27,7,448490,10,2,8,7,,,,,,,,0,13,false,Napadač,portal,2026-01-19 16:10:34.844536+00,,,3f5ca8b9-d920-4000-bf1e-b906d43c04a4,,1,3,11,7,12,18,3,,,,,2026-01-19 16:10:34.844536+00
515,,,2026-01-19 16:10:17.667138,Renato Skoko,459219055,NT,active,,,,,,,,,,,,,Hrvatska,Igra glavom,,false,32,91,264650,14,5,7,7,,,,,,,,1,8,true,Srednji branič,portal,2026-01-19 16:10:34.844536+00,,,3f5ca8b9-d920-4000-bf1e-b906d43c04a4,,1,15,16,5,15,3,3,,,,,2026-01-19 16:10:34.844536+00
516,,,2026-01-19 16:10:17.667138,Renato Šeat,459600485,NT,active,,,,,,,,,,,,,Hrvatska,Brz,,false,32,62,171190,11,4,6,8,,,,,,,,8,0,false,Napadač,portal,2026-01-19 16:10:34.844536+00,,,3f5ca8b9-d920-4000-bf1e-b906d43c04a4,,1,5,10,10,13,17,12,,,,,2026-01-19 16:10:34.844536+00
517,,,2026-01-19 16:10:17.667138,Robin Omerzel,466068493,NT,active,,,,,,,,,,,,,Hrvatska,Brz,,false,29,105,260040,7,6,5,7,,,,,,,,0,0,false,Napadač,portal,2026-01-19 16:10:34.844536+00,,,3f5ca8b9-d920-4000-bf1e-b906d43c04a4,,1,4,6,3,14,18,4,,,,,2026-01-19 16:10:34.844536+00
518,,,2026-01-19 16:10:17.667138,Roko Dabčević,455754803,NT,active,,,,,,,,,,,,,Hrvatska,Brz,,false,34,19,62040,18,1,5,7,,,,,,,,0,7,false,Napadač,portal,2026-01-19 16:10:34.844536+00,,,3f5ca8b9-d920-4000-bf1e-b906d43c04a4,,1,3,14,8,16,14,3,,,,,2026-01-19 16:10:34.844536+00
519,,,2026-01-19 16:10:17.667138,Ronald Okoš,464022563,NT,active,,,,,,,,,,,,,Hrvatska,Snažan,,false,30,54,267710,14,4,7,8,,,,,,,,0,10,false,Bočni igrač,portal,2026-01-19 16:10:34.844536+00,,,3f5ca8b9-d920-4000-bf1e-b906d43c04a4,,1,16,10,15,10,4,8,,,,,2026-01-19 16:10:34.844536+00
520,,,2026-01-19 16:10:17.667138,Rudi Rapić,449877579,NT,active,,,,,,,,,,,,,Hrvatska,Igra glavom,,false,36,19,33020,24,2,8,5,,,,,,,,27,27,false,Srednji vezni,portal,2026-01-19 16:10:34.844536+00,,,3f5ca8b9-d920-4000-bf1e-b906d43c04a4,,0,10,17,2,12,5,14,,,,,2026-01-19 16:10:34.844536+00
521,,,2026-01-19 16:10:17.667138,Rudolf Glavić,470253947,NT,active,,,,,,,,,,,,,Hrvatska,Nepredvidiv,,false,28,66,295180,9,4,7,6,,,,,,,,0,0,false,Bočni igrač,portal,2026-01-19 16:10:34.844536+00,,,3f5ca8b9-d920-4000-bf1e-b906d43c04a4,,1,16,9,16,4,4,13,,,,,2026-01-19 16:10:34.844536+00
522,,,2026-01-19 16:10:17.667138,Rudolf Lulić,465946398,NT,active,,,,,,,,,,,,,Hrvatska,Brz,,false,29,86,445620,12,4,6,7,,,,,,,,8,21,true,Krilo,portal,2026-01-19 16:10:34.844536+00,,,3f5ca8b9-d920-4000-bf1e-b906d43c04a4,,1,12,15,18,7,8,1,,,,,2026-01-19 16:10:34.844536+00
523,,,2026-01-19 16:10:17.667138,Rudolf Rubeša,465896052,NT,active,,,,,,,,,,,,,Hrvatska,Snažan,,false,29,85,350730,9,2,8,8,,,,,,,,0,0,false,Napadač,portal,2026-01-19 16:10:34.844536+00,,,3f5ca8b9-d920-4000-bf1e-b906d43c04a4,,1,4,9,4,15,16,6,,,,,2026-01-19 16:10:34.844536+00
524,,,2026-01-19 16:10:17.667138,Samuel Jukić,469926146,NT,active,,,,,,,,,,,,,Hrvatska,,,false,28,87,396770,8,2,6,6,,,,,,,,0,0,false,Bočni igrač,portal,2026-01-19 16:10:34.844536+00,,,3f5ca8b9-d920-4000-bf1e-b906d43c04a4,,1,17,10,15,11,3,1,,,,,2026-01-19 16:10:34.844536+00
525,,,2026-01-19 16:10:17.667138,Samuel 'Petrarka' Patriarka,471610924,NT,active,,,,,,,,,,,,,Hrvatska,,,false,27,107,533930,13,1,8,8,,,,,,,,4,17,true,Bočni igrač,portal,2026-01-19 16:10:34.844536+00,,,3f5ca8b9-d920-4000-bf1e-b906d43c04a4,,1,17,10,16,8,3,8,,,,,2026-01-19 16:10:34.844536+00
526,,,2026-01-19 16:10:17.667138,Sandro Bačak,461650747,NT,active,,,,,,,,,,,,,Hrvatska,Brz,,false,31,63,270890,10,3,7,8,,,,,,,,2,6,false,Srednji vezni,portal,2026-01-19 16:10:34.844536+00,,,3f5ca8b9-d920-4000-bf1e-b906d43c04a4,,1,11,18,3,12,7,14,,,,,2026-01-19 16:10:34.844536+00
527,,,2026-01-19 16:10:17.667138,Sandro Sencar,449731903,NT,active,,,,,,,,,,,,,Hrvatska,Nepredvidiv,,false,36,29,34230,28,6,7,6,,,,,,,,48,24,false,Srednji vezni,portal,2026-01-19 16:10:34.844536+00,,,3f5ca8b9-d920-4000-bf1e-b906d43c04a4,,0,11,16,1,12,7,16,,,,,2026-01-19 16:10:34.844536+00
528,,,2026-01-19 16:10:17.667138,Saša Ćosić,456971568,NT,active,,,,,,,,,,,,,Hrvatska,,,false,33,63,90340,12,4,6,7,,,,,,,,0,0,false,Srednji vezni,portal,2026-01-19 16:10:34.844536+00,,,3f5ca8b9-d920-4000-bf1e-b906d43c04a4,,1,11,17,4,10,8,14,,,,,2026-01-19 16:10:34.844536+00
529,,,2026-01-19 16:10:17.667138,Saša Skejić,463784545,NT,active,,,,,,,,,,,,,Hrvatska,Brz,,false,30,102,310030,12,6,8,6,,,,,,,,7,0,true,Srednji branič,portal,2026-01-19 16:10:34.844536+00,,,3f5ca8b9-d920-4000-bf1e-b906d43c04a4,,1,17,15,3,9,6,1,,,,,2026-01-19 16:10:34.844536+00
530,,,2026-01-19 16:10:17.667138,Silvio Orlovac,468712322,NT,active,,,,,,,,,,,,,Hrvatska,Brz,,false,29,29,392270,11,2,5,8,,,,,,,,6,8,false,Krilo,portal,2026-01-19 16:10:34.844536+00,,,3f5ca8b9-d920-4000-bf1e-b906d43c04a4,,1,8,16,17,9,7,1,,,,,2026-01-19 16:10:34.844536+00
531,,,2026-01-19 16:10:17.667138,Siniša Porenta,459626635,NT,active,,,,,,,,,,,,,Hrvatska,Igra glavom,,false,32,84,168170,9,3,7,6,,,,,,,,0,0,false,Srednji branič,portal,2026-01-19 16:10:34.844536+00,,,3f5ca8b9-d920-4000-bf1e-b906d43c04a4,,1,18,14,9,8,3,2,,,,,2026-01-19 16:10:34.844536+00
532,,,2026-01-19 16:10:17.667138,Slaven Isaković,460883374,NT,active,,,,,,,,,,,,,Hrvatska,Igra glavom,,false,32,0,154700,8,6,7,7,,,,,,,,0,0,false,Bočni igrač,portal,2026-01-19 16:10:34.844536+00,,,3f5ca8b9-d920-4000-bf1e-b906d43c04a4,,1,15,8,16,3,2,2,,,,,2026-01-19 16:10:34.844536+00
533,,,2026-01-19 16:10:17.667138,Slaven 'Skala' Mirković,460856862,NT,active,,,,,,,,,,,,,Hrvatska,Brz,,false,31,103,310840,15,3,6,8,,,,,,,,2,16,false,Krilo,portal,2026-01-19 16:10:34.844536+00,,,3f5ca8b9-d920-4000-bf1e-b906d43c04a4,,1,10,16,17,10,5,11,,,,,2026-01-19 16:10:34.844536+00
534,,,2026-01-19 16:10:17.667138,Slaven Surjan,466192879,NT,active,,,,,,,,,,,,,Hrvatska,Snažan,,false,29,61,385830,8,2,8,6,,,,,,,,0,0,false,Napadač,portal,2026-01-19 16:10:34.844536+00,,,3f5ca8b9-d920-4000-bf1e-b906d43c04a4,,2,4,16,5,10,17,3,,,,,2026-01-19 16:10:34.844536+00
535,,,2026-01-19 16:10:17.667138,Stanko 'Sarma' Gregorić,458397902,NT,active,,,,,,,,,,,,,Hrvatska,Nepredvidiv,,false,33,10,117080,15,2,7,8,,,,,,,,10,0,false,Srednji vezni,portal,2026-01-19 16:10:34.844536+00,,,3f5ca8b9-d920-4000-bf1e-b906d43c04a4,,2,11,18,5,11,8,12,,,,,2026-01-19 16:10:34.844536+00
536,,,2026-01-19 16:10:17.667138,Stanko Peranović,458227299,NT,active,,,,,,,,,,,,,Hrvatska,Snažan,,false,33,22,115990,11,3,6,8,,,,,,,,0,0,false,Srednji vezni,portal,2026-01-19 16:10:34.844536+00,,,3f5ca8b9-d920-4000-bf1e-b906d43c04a4,,1,13,17,13,9,1,7,,,,,2026-01-19 16:10:34.844536+00
537,,,2026-01-19 16:10:17.667138,Stanko Selihar,449418479,NT,active,,,,,,,,,,,,,Hrvatska,Brz,,false,36,41,28750,27,2,6,6,,,,,,,,36,25,false,Srednji vezni,portal,2026-01-19 16:10:34.844536+00,,,3f5ca8b9-d920-4000-bf1e-b906d43c04a4,,0,10,16,2,11,6,17,,,,,2026-01-19 16:10:34.844536+00
538,,,2026-01-19 16:10:17.667138,Stipo 'Pepito' Ferić,465301558,NT,active,,,,,,,,,,,,,Hrvatska,Nepredvidiv,,false,29,104,447290,11,5,7,8,,,,,,,,0,8,false,Napadač,portal,2026-01-19 16:10:34.844536+00,,,3f5ca8b9-d920-4000-bf1e-b906d43c04a4,,1,9,18,6,10,14,9,,,,,2026-01-19 16:10:34.844536+00
539,,,2026-01-19 16:10:17.667138,Stipo Herceg,458655753,NT,active,,,,,,,,,,,,,Hrvatska,Nepredvidiv,,false,32,106,281190,15,5,7,6,,,,,,,,0,11,false,Napadač,portal,2026-01-19 16:10:34.844536+00,,,3f5ca8b9-d920-4000-bf1e-b906d43c04a4,,1,7,15,2,16,16,2,,,,,2026-01-19 16:10:34.844536+00
540,,,2026-01-19 16:10:17.667138,Stjepan Zeljko,461752355,NT,active,,,,,,,,,,,,,Hrvatska,,,false,31,55,236750,10,3,4,7,,,,,,,,1,0,false,Srednji vezni,portal,2026-01-19 16:10:34.844536+00,,,3f5ca8b9-d920-4000-bf1e-b906d43c04a4,,1,11,18,3,12,12,9,,,,,2026-01-19 16:10:34.844536+00
541,,,2026-01-19 16:10:17.667138,Sven Džindo,463665337,NT,active,,,,,,,,,,,,,Hrvatska,Nepredvidiv,,false,30,73,308670,10,5,8,6,,,,,,,,0,13,false,Srednji branič,portal,2026-01-19 16:10:34.844536+00,,,3f5ca8b9-d920-4000-bf1e-b906d43c04a4,,1,17,9,6,15,3,7,,,,,2026-01-19 16:10:34.844536+00
542,,,2026-01-19 16:10:17.667138,Sven Juravić,463400388,NT,active,,,,,,,,,,,,,Hrvatska,Tehničar,,false,30,91,333930,12,5,5,7,,,,,,,,0,0,false,Krilo,portal,2026-01-19 16:10:34.844536+00,,,3f5ca8b9-d920-4000-bf1e-b906d43c04a4,,1,10,17,17,11,7,1,,,,,2026-01-19 16:10:34.844536+00
543,,,2026-01-19 16:10:17.667138,Sven Piglić,458671487,NT,active,,,,,,,,,,,,,Hrvatska,Brz,,false,32,104,190310,10,6,8,6,,,,,,,,0,0,false,Krilo,portal,2026-01-19 16:10:34.844536+00,,,3f5ca8b9-d920-4000-bf1e-b906d43c04a4,,1,6,17,17,10,5,8,,,,,2026-01-19 16:10:34.844536+00
544,,,2026-01-19 16:10:17.667138,Šimun Kalabrić,456009044,NT,active,,,,,,,,,,,,,Hrvatska,Timski igrač,,false,34,18,36410,11,3,5,6,,,,,,,,0,0,false,Srednji vezni,portal,2026-01-19 16:10:34.844536+00,,,3f5ca8b9-d920-4000-bf1e-b906d43c04a4,,1,11,17,4,11,4,6,,,,,2026-01-19 16:10:34.844536+00
545,,,2026-01-19 16:10:17.667138,Šimun Petrić,455869647,NT,active,,,,,,,,,,,,,Hrvatska,Brz,,false,34,9,40340,13,2,7,7,,,,,,,,0,0,false,Srednji vezni,portal,2026-01-19 16:10:34.844536+00,,,3f5ca8b9-d920-4000-bf1e-b906d43c04a4,,0,11,17,4,10,9,14,,,,,2026-01-19 16:10:34.844536+00
546,,,2026-01-19 16:10:17.667138,Šimun Radman,470854854,NT,active,,,,,,,,,,,,,Hrvatska,Nepredvidiv,,false,28,42,220600,7,7,6,6,,,,,,,,0,0,false,Napadač,portal,2026-01-19 16:10:34.844536+00,,,3f5ca8b9-d920-4000-bf1e-b906d43c04a4,,1,4,5,5,14,16,8,,,,,2026-01-19 16:10:34.844536+00
547,,,2026-01-19 16:10:17.667138,Šimun Strikoman,456705642,NT,active,,,,,,,,,,,,,Hrvatska,Igra glavom,,false,33,85,139530,14,2,7,7,,,,,,,,4,6,false,Krilo,portal,2026-01-19 16:10:34.844536+00,,,3f5ca8b9-d920-4000-bf1e-b906d43c04a4,,1,7,16,17,11,5,12,,,,,2026-01-19 16:10:34.844536+00
548,,,2026-01-19 16:10:17.667138,Šimun Šuker,459307583,NT,active,,,,,,,,,,,,,Hrvatska,Nepredvidiv,,false,32,84,107420,18,2,7,7,,,,,,,,35,0,false,Vratar,portal,2026-01-19 16:10:34.844536+00,,,3f5ca8b9-d920-4000-bf1e-b906d43c04a4,,20,16,3,4,3,2,22,,,,,2026-01-19 16:10:34.844536+00
549,,,2026-01-19 16:10:17.667138,Toma Plavčić,462744718,NT,active,,,,,,,,,,,,,Hrvatska,,,false,31,10,233280,11,6,5,8,,,,,,,,0,0,false,Srednji vezni,portal,2026-01-19 16:10:34.844536+00,,,3f5ca8b9-d920-4000-bf1e-b906d43c04a4,,1,11,17,5,13,10,11,,,,,2026-01-19 16:10:34.844536+00
550,,,2026-01-19 16:10:17.667138,Toma Smirčić,465194284,NT,active,,,,,,,,,,,,,Hrvatska,Brz,,false,30,0,462540,10,5,8,8,,,,,,,,1,0,true,Srednji vezni,portal,2026-01-19 16:10:34.844536+00,,,3f5ca8b9-d920-4000-bf1e-b906d43c04a4,,1,9,18,3,13,10,5,,,,,2026-01-19 16:10:34.844536+00
551,,,2026-01-19 16:10:17.667138,Tome Šeks,472440179,NT,active,,,,,,,,,,,,,Hrvatska,Tehničar,,false,27,60,484450,12,4,7,8,,,,,,,,0,13,false,Bočni igrač,portal,2026-01-19 16:10:34.844536+00,,,3f5ca8b9-d920-4000-bf1e-b906d43c04a4,,1,16,10,15,8,3,8,,,,,2026-01-19 16:10:34.844536+00
552,,,2026-01-19 16:10:17.667138,Tomislav Njavro,463937642,NT,active,,,,,,,,,,,,,Hrvatska,Brz,,false,30,53,431210,11,3,8,7,,,,,,,,3,0,false,Krilo,portal,2026-01-19 16:10:34.844536+00,,,3f5ca8b9-d920-4000-bf1e-b906d43c04a4,,1,11,15,18,9,8,2,,,,,2026-01-19 16:10:34.844536+00
553,,,2026-01-19 16:10:17.667138,Tomo Škorlić,461322133,NT,active,,,,,,,,,,,,,Hrvatska,,,false,31,88,307890,11,6,7,7,,,,,,,,0,0,false,Srednji vezni,portal,2026-01-19 16:10:34.844536+00,,,3f5ca8b9-d920-4000-bf1e-b906d43c04a4,,1,14,17,2,13,4,4,,,,,2026-01-19 16:10:34.844536+00
554,,,2026-01-19 16:10:17.667138,Toni Maričić,473506038,NT,active,,,,,,,,,,,,,Hrvatska,Tehničar,,false,27,6,481820,8,6,8,7,,,,,,,,3,4,false,Napadač,portal,2026-01-19 16:10:34.844536+00,,,3f5ca8b9-d920-4000-bf1e-b906d43c04a4,,1,2,13,6,15,15,4,,,,,2026-01-19 16:10:34.844536+00
555,,,2026-01-19 16:10:17.667138,Tvrtko Pešun,450847899,NT,active,,,,,,,,,,,,,Hrvatska,Snažan,,false,35,92,37380,20,4,7,5,,,,,,,,44,3,false,Napadač,portal,2026-01-19 16:10:34.844536+00,,,3f5ca8b9-d920-4000-bf1e-b906d43c04a4,,1,2,13,11,11,15,4,,,,,2026-01-19 16:10:34.844536+00
556,,,2026-01-19 16:10:17.667138,Tvrtko Pinčić,468598950,NT,active,,,,,,,,,,,,,Hrvatska,,,false,29,35,277170,8,4,6,7,,,,,,,,0,0,false,Bočni igrač,portal,2026-01-19 16:10:34.844536+00,,,3f5ca8b9-d920-4000-bf1e-b906d43c04a4,,1,16,2,16,10,5,2,,,,,2026-01-19 16:10:34.844536+00
557,,,2026-01-19 16:10:17.667138,Tvrtko Sekereš,460727626,NT,active,,,,,,,,,,,,,Hrvatska,Igra glavom,,false,32,13,100500,13,4,7,8,,,,,,,,0,0,false,Srednji vezni,portal,2026-01-19 16:10:34.844536+00,,,3f5ca8b9-d920-4000-bf1e-b906d43c04a4,,1,12,16,3,6,10,21,,,,,2026-01-19 16:10:34.844536+00
558,,,2026-01-19 16:10:17.667138,Tvrtko Šen,463981062,NT,active,,,,,,,,,,,,,Hrvatska,Igra glavom,,false,30,51,393920,11,3,8,6,,,,,,,,3,13,false,Bočni igrač,portal,2026-01-19 16:10:34.844536+00,,,3f5ca8b9-d920-4000-bf1e-b906d43c04a4,,1,16,13,17,4,2,4,,,,,2026-01-19 16:10:34.844536+00
559,,,2026-01-19 16:10:17.667138,Valentin Ožaković,459738580,NT,active,,,,,,,,,,,,,Hrvatska,,,false,32,54,182460,11,4,7,5,,,,,,,,0,0,false,Srednji vezni,portal,2026-01-19 16:10:34.844536+00,,,3f5ca8b9-d920-4000-bf1e-b906d43c04a4,,1,12,18,4,10,10,5,,,,,2026-01-19 16:10:34.844536+00
560,,,2026-01-19 16:10:17.667138,Valentin Rudić,456037898,NT,active,,,,,,,,,,,,,Hrvatska,Igra glavom,,false,34,1,99380,13,6,6,8,,,,,,,,0,0,false,Krilo,portal,2026-01-19 16:10:34.844536+00,,,3f5ca8b9-d920-4000-bf1e-b906d43c04a4,,1,14,13,16,6,1,12,,,,,2026-01-19 16:10:34.844536+00
561,,,2026-01-19 16:10:17.667138,Valter Tica,457670804,NT,active,,,,,,,,,,,,,Hrvatska,Igra glavom,,false,33,46,135100,14,3,7,8,,,,,,,,0,7,false,Srednji vezni,portal,2026-01-19 16:10:34.844536+00,,,3f5ca8b9-d920-4000-bf1e-b906d43c04a4,,1,14,17,3,12,4,15,,,,,2026-01-19 16:10:34.844536+00
562,,,2026-01-19 16:10:17.667138,Vanja Pirović,465925495,NT,active,,,,,,,,,,,,,Hrvatska,Nepredvidiv,,false,29,82,376740,12,3,6,8,,,,,,,,0,12,false,Srednji vezni,portal,2026-01-19 16:10:34.844536+00,,,3f5ca8b9-d920-4000-bf1e-b906d43c04a4,,1,12,18,5,12,8,8,,,,,2026-01-19 16:10:34.844536+00
563,,,2026-01-19 16:10:17.667138,Velimir 'Veljac' Bajlo,461752201,NT,active,,,,,,,,,,,,,Hrvatska,Brz,,false,31,58,291940,11,4,7,8,,,,,,,,8,0,true,Srednji vezni,portal,2026-01-19 16:10:34.844536+00,,,3f5ca8b9-d920-4000-bf1e-b906d43c04a4,,1,10,19,2,11,10,8,,,,,2026-01-19 16:10:34.844536+00
564,,,2026-01-19 16:10:17.667138,Vice Pečušak,460308702,NT,active,,,,,,,,,,,,,Hrvatska,Snažan,,false,32,35,225330,12,4,7,7,,,,,,,,0,0,false,Srednji vezni,portal,2026-01-19 16:10:34.844536+00,,,3f5ca8b9-d920-4000-bf1e-b906d43c04a4,,1,15,17,5,15,4,2,,,,,2026-01-19 16:10:34.844536+00
565,,,2026-01-19 16:10:17.667138,Viktor Oltran,462656763,NT,active,,,,,,,,,,,,,Hrvatska,Tehničar,,false,31,15,229380,10,5,5,8,,,,,,,,0,0,false,Srednji branič,portal,2026-01-19 16:10:34.844536+00,,,3f5ca8b9-d920-4000-bf1e-b906d43c04a4,,1,17,15,2,8,2,5,,,,,2026-01-19 16:10:34.844536+00
566,,,2026-01-19 16:10:17.667138,Vito Ban,458290339,NT,active,,,,,,,,,,,,,Hrvatska,Tehničar,,false,33,17,158890,12,3,7,7,,,,,,,,0,4,false,Napadač,portal,2026-01-19 16:10:34.844536+00,,,3f5ca8b9-d920-4000-bf1e-b906d43c04a4,,1,2,16,6,16,13,7,,,,,2026-01-19 16:10:34.844536+00
567,,,2026-01-19 16:10:17.667138,Vito Peruza,466065129,NT,active,,,,,,,,,,,,,Hrvatska,,,false,29,72,272950,8,5,6,7,,,,,,,,0,1,false,Srednji branič,portal,2026-01-19 16:10:34.844536+00,,,3f5ca8b9-d920-4000-bf1e-b906d43c04a4,,1,16,10,5,15,5,11,,,,,2026-01-19 16:10:34.844536+00
568,,,2026-01-19 16:10:17.667138,Vitomir Grgeč,459286922,NT,active,,,,,,,,,,,,,Hrvatska,,,false,32,98,137880,12,4,7,8,,,,,,,,0,0,false,Bočni igrač,portal,2026-01-19 16:10:34.844536+00,,,3f5ca8b9-d920-4000-bf1e-b906d43c04a4,,1,19,5,11,5,3,1,,,,,2026-01-19 16:10:34.844536+00
569,,,2026-01-19 16:10:17.667138,Vitomir Sedić,462434038,NT,active,,,,,,,,,,,,,Hrvatska,Brz,,false,31,31,236130,12,5,7,6,,,,,,,,2,0,false,Krilo,portal,2026-01-19 16:10:34.844536+00,,,3f5ca8b9-d920-4000-bf1e-b906d43c04a4,,1,9,16,16,4,9,8,,,,,2026-01-19 16:10:34.844536+00
570,,,2026-01-19 16:10:17.667138,Vjekoslav Brada,465058896,NT,active,,,,,,,,,,,,,Hrvatska,Nepredvidiv,,false,30,9,302440,12,6,7,7,,,,,,,,0,7,false,Srednji branič,portal,2026-01-19 16:10:34.844536+00,,,3f5ca8b9-d920-4000-bf1e-b906d43c04a4,,1,15,15,13,9,3,7,,,,,2026-01-19 16:10:34.844536+00
571,,,2026-01-19 16:10:17.667138,Vladimir Batalija,456786634,NT,active,,,,,,,,,,,,,Hrvatska,Brz,,false,33,79,118980,13,4,6,7,,,,,,,,0,2,false,Krilo,portal,2026-01-19 16:10:34.844536+00,,,3f5ca8b9-d920-4000-bf1e-b906d43c04a4,,1,6,16,17,10,7,10,,,,,2026-01-19 16:10:34.844536+00
572,,,2026-01-19 16:10:17.667138,Vlado Bunić,463962107,NT,active,,,,,,,,,,,,,Hrvatska,Igra glavom,,false,30,57,265790,8,6,6,6,,,,,,,,0,0,false,Napadač,portal,2026-01-19 16:10:34.844536+00,,,3f5ca8b9-d920-4000-bf1e-b906d43c04a4,,1,3,4,4,14,18,2,,,,,2026-01-19 16:10:34.844536+00
573,,,2026-01-19 16:10:17.667138,Vlaho Jadrešić,452255154,NT,active,,,,,,,,,,,,,Hrvatska,Brz,,false,35,52,47080,22,3,6,5,,,,,,,,32,1,false,Krilo,portal,2026-01-19 16:10:34.844536+00,,,3f5ca8b9-d920-4000-bf1e-b906d43c04a4,,1,10,15,16,12,5,14,,,,,2026-01-19 16:10:34.844536+00
574,,,2026-01-19 16:10:17.667138,Vlatko Moharić,460094247,NT,active,,,,,,,,,,,,,Hrvatska,Igra glavom,,false,32,56,163530,11,1,6,8,,,,,,,,3,0,false,Napadač,portal,2026-01-19 16:10:34.844536+00,,,3f5ca8b9-d920-4000-bf1e-b906d43c04a4,,1,3,12,6,14,16,13,,,,,2026-01-19 16:10:34.844536+00
575,,,2026-01-19 16:10:17.667138,Vlatko Šarin,461643173,NT,active,,,,,,,,,,,,,Hrvatska,Nepredvidiv,,false,31,68,368680,12,3,8,6,,,,,,,,0,0,false,Krilo,portal,2026-01-19 16:10:34.844536+00,,,3f5ca8b9-d920-4000-bf1e-b906d43c04a4,,1,10,17,17,11,7,1,,,,,2026-01-19 16:10:34.844536+00
576,,,2026-01-19 16:10:17.667138,Vojko Bašetić,456052706,NT,active,,,,,,,,,,,,,Hrvatska,Brz,,false,33,111,69660,15,1,8,7,,,,,,,,0,1,false,Krilo,portal,2026-01-19 16:10:34.844536+00,,,3f5ca8b9-d920-4000-bf1e-b906d43c04a4,,1,15,10,14,9,1,14,,,,,2026-01-19 16:10:34.844536+00
577,,,2026-01-19 16:10:17.667138,Vojko Krušlin,452986083,NT,active,,,,,,,,,,,,,Hrvatska,Brz,,false,35,23,40470,16,7,5,7,,,,,,,,1,1,false,Napadač,portal,2026-01-19 16:10:34.844536+00,,,3f5ca8b9-d920-4000-bf1e-b906d43c04a4,,1,5,13,10,10,16,13,,,,,2026-01-19 16:10:34.844536+00
578,,,2026-01-19 16:10:17.667138,Vuk Džunić,461174267,NT,active,,,,,,,,,,,,,Hrvatska,Brz,,false,31,99,279750,13,1,7,8,,,,,,,,2,0,false,Krilo,portal,2026-01-19 16:10:34.844536+00,,,3f5ca8b9-d920-4000-bf1e-b906d43c04a4,,1,11,15,16,9,6,13,,,,,2026-01-19 16:10:34.844536+00
579,,,2026-01-19 16:10:17.667138,Zdenko Bošotina,462627906,NT,active,,,,,,,,,,,,,Hrvatska,Brz,,false,31,18,259600,11,4,6,6,,,,,,,,11,0,false,Srednji branič,portal,2026-01-19 16:10:34.844536+00,,,3f5ca8b9-d920-4000-bf1e-b906d43c04a4,,1,15,16,5,13,3,1,,,,,2026-01-19 16:10:34.844536+00
580,,,2026-01-19 16:10:17.667138,Zlatan Carević,459397798,NT,active,,,,,,,,,,,,,Hrvatska,Nepredvidiv,,false,32,77,249420,13,4,6,8,,,,,,,,3,0,false,Krilo,portal,2026-01-19 16:10:34.844536+00,,,3f5ca8b9-d920-4000-bf1e-b906d43c04a4,,1,4,17,18,9,5,2,,,,,2026-01-19 16:10:34.844536+00
581,,,2026-01-19 16:10:17.667138,Zoran Bilokapić,460822528,NT,active,,,,,,,,,,,,,Hrvatska,Igra glavom,,false,32,21,157660,11,5,7,8,,,,,,,,2,0,false,Napadač,portal,2026-01-19 16:10:34.844536+00,,,3f5ca8b9-d920-4000-bf1e-b906d43c04a4,,1,2,9,13,10,17,15,,,,,2026-01-19 16:10:34.844536+00
582,,,2026-01-19 16:10:17.667138,Zvonimir Gadže,456011919,NT,active,,,,,,,,,,,,,Hrvatska,Snažan,,false,34,2,91400,19,3,4,7,,,,,,,,9,17,false,Srednji vezni,portal,2026-01-19 16:10:34.844536+00,,,3f5ca8b9-d920-4000-bf1e-b906d43c04a4,,1,16,17,3,8,3,17,,,,,2026-01-19 16:10:34.844536+00
583,,,2026-01-19 16:10:17.667138,Zvonimir Mirošević,462762032,NT,active,,,,,,,,,,,,,Hrvatska,Igra glavom,,false,31,7,370790,14,6,7,7,,,,,,,,3,23,false,Krilo,portal,2026-01-19 16:10:34.844536+00,,,3f5ca8b9-d920-4000-bf1e-b906d43c04a4,,1,12,15,18,12,2,12,,,,,2026-01-19 16:10:34.844536+00
584,,,2026-01-19 16:10:17.667138,Zvonko Bačelić,450967939,NT,active,,,,,,,,,,,,,Hrvatska,Brz,,false,35,85,39960,13,6,7,6,,,,,,,,34,0,false,Napadač,portal,2026-01-19 16:10:34.844536+00,,,3f5ca8b9-d920-4000-bf1e-b906d43c04a4,,1,3,10,8,14,16,10,,,,,2026-01-19 16:10:34.844536+00
585,,,2026-01-19 16:10:17.667138,Žan Rušev,466022738,NT,active,,,,,,,,,,,,,Hrvatska,Nepredvidiv,,false,29,78,138230,8,3,6,6,,,,,,,,3,0,false,Vratar,portal,2026-01-19 16:10:34.844536+00,,,3f5ca8b9-d920-4000-bf1e-b906d43c04a4,,20,13,3,2,8,3,20,,,,,2026-01-19 16:10:34.844536+00
586,,,2026-01-19 16:10:17.667138,Žarko Butić,465149556,NT,active,,,,,,,,,,,,,Hrvatska,Brz,,false,30,31,343310,12,3,6,6,,,,,,,,0,1,false,Srednji vezni,portal,2026-01-19 16:10:34.844536+00,,,3f5ca8b9-d920-4000-bf1e-b906d43c04a4,,1,14,18,6,10,4,1,,,,,2026-01-19 16:10:34.844536+00
587,,,2026-01-19 16:10:17.667138,Žarko Gudelj,464875833,NT,active,,,,,,,,,,,,,Hrvatska,Nepredvidiv,,false,30,30,315760,10,7,7,6,,,,,,,,0,5,false,Srednji branič,portal,2026-01-19 16:10:34.844536+00,,,3f5ca8b9-d920-4000-bf1e-b906d43c04a4,,1,17,10,3,15,5,4,,,,,2026-01-19 16:10:34.844536+00
588,,,2026-01-19 16:10:17.667138,Željko 'Psycho' Špika,465920983,NT,active,,,,,,,,,,,,,Hrvatska,Brz,,false,29,83,436420,7,3,6,7,,,,,,,,0,5,false,Srednji vezni,portal,2026-01-19 16:10:34.844536+00,,,3f5ca8b9-d920-4000-bf1e-b906d43c04a4,,1,9,18,15,12,4,5,,,,,2026-01-19 16:10:34.844536+00